Timestamp,G1. How did you learn about the survey?,G2. What is your current role?,"G3. What industry are you currently working for? (for example: banking, healthcare, education, consultancy etc)",G4. How many years of professional experience do you have?,G5. Are you part of any software community?,G7. Where are you from: (list provided by https://www.listofcountriesoftheworld.com/):,G6. What communities are you member of?,G8. I am currently working for projects in the following countries: (list provided by https://www.listofcountriesoftheworld.com):,G9. I am currently writing code professionally in the following languages (programming languages listed are from https://www.tiobe.com/tiobe-index):,G10. What is your current salary range per year in euros?,"G11. Taking into account all team members, how many people there are in your team currently?",G12. I am focused on the following tech stack,TS1. How do you tackle the testing approach for software projects?,TS4. Do you know how to do automated a test?,TS2. Do you see value on automated test?,TS3. What are the reasons behind it?,TS6. Does the company you are working at see any value on automated test?,"TS5. In your experience, is it hard to do automated test?",TS7. Would you like to learn Test-Driven Development?,L1. Do you know where to start learning TDD?,L2. What resources are you planning to use for learning TDD?,L3. Are you interested into going into coding dojos (be it in person or remote)?,"L4. Would you be willing to pay for learning TDD? If so, how much would you spend per month in euros?",L5. How many years of experience do you have doing any kind of testing?,"TD1. I am familiar with testing tools such as Junit, Jest, PHPUnit or any other framework that provides a common ground to write tests.",TD2. I learned TDD at work,"TD3. I learned TDD myself, through books, videos courses or tutorials.",TD4. People that I work with already knew TDD,TD5. The people I am working with practice TDD as part of daily work,TD6. I practice TDD as part of my daily workflow.,TD7. I feel that TDD makes me go slower than if I wasn't doing it,TD8. The company I am working at does not allow me to push code for review without a test case with it,"TD9. The company I am working at, required TDD to join them as part of the job description.",TD10. Companies I worked at use TDD as a common way of writing code.,TD11. The company I am working at argued that TDD requires more time to complete a task and the teams didn't have the required time to use it.,TD12. I write test because I am worried about the code coverage,TD13. I follow the inside-out approach more often in comparison with outside-in,TD14. When writing code with TDD I focuses in the the business rules excluding the view or the persistence part of the application,TD15. How do you design your code?,TD16. What is the rule you use to decide to write a new test case?,TD17. How often do you execute the automated tests you wrote?,"TD18. Before sharing your code with your team, do you executes the entire test suite?",TD19. How long your test suite takes to be executed?,TD20. How many years have you been doing TDD?
10/7/2024 21:44:10,Shared directly to you,Developer,Mobility,Between 10 and 15,Yes,Spain,La Guild,Spain,Other,Between 71.000 and 80.000 €,15 - 20,Backend,I do automated test,Yes,Yes,,Yes,No,I know TDD,,,,,,Strongly Agree,Strongly disagree,Agree,Strongly disagree,Strongly disagree,Agree,Disagree,Disagree,Strongly disagree,Strongly disagree,Agree,Disagree,Neutral,Disagree,"Diagrams, The tests I write",Triangulation,Aways,Strongly agree,Less than 15 minutes,Between 1 and 3 years
10/7/2024 22:01:51,Shared directly to you,Developer,Education,Between 1 and 5,Yes,Spain,Software Crafters Madrid,Spain,"Java, Typescript",Between 41.000 and 50.000 €,More than 30,Fullstack,I do automated test,Yes,Yes,,Yes,No,I know TDD,,,,,,Strongly Agree,Strongly Agree,Neutral,Neutral,Strongly Agree,Strongly Agree,Strongly disagree,Strongly Agree,Strongly disagree,Neutral,Strongly disagree,Strongly disagree,Strongly disagree,Strongly disagree,"Diagrams, The tests I write",New functionality needed,Aways,Strongly agree,Less than 15 minutes,Between 1 and 3 years
10/7/2024 22:03:14,Shared directly to you,Developer,Education,Between 1 and 5,No,Spain,,Spain,"Java, Javascript",Between 51.000 and 60.000 €,10 - 15,Frontend,I do manual test,Yes,Yes,,No,No,I know TDD,,,,,,Strongly Agree,Strongly Agree,Agree,Disagree,Strongly disagree,Disagree,Disagree,Strongly disagree,Strongly disagree,Agree,Agree,Agree,Disagree,Agree,The tests I write,What is the test that is gonna force me to make my code more general?,Sometimes,Agree,Less than 15 minutes,Between 1 and 3 years
10/7/2024 22:04:00,Shared directly to you,Developer,Health and welfare,Between 1 and 5,Yes,Spain,A software study group,Spain,C#,Between 31.000 and 40.000 €,1 - 3,Backend,I do automated test,Yes,Yes,,Yes,Yes,I know TDD,,,,,,Agree,Neutral,Strongly Agree,Strongly disagree,Disagree,Agree,Agree,Disagree,Strongly disagree,Strongly disagree,Neutral,Disagree,Agree,Agree,"Diagrams, The tests I write",Fear or uncertainty,Aways,Agree,Less than 15 minutes,Between 1 and 3 years
10/7/2024 22:28:14,LinkedIn,Developer,Consultancy,Between 1 and 5,Yes,Spain,"GofiGeeks, SoftwareCrafters",Spain,"Java, Javascript, SQL, Typescript",Between 11.000 and 20.000 €,1 - 3,Backend,I do automated test,Yes,Yes,,Yes,No,I know TDD,,,,,,Agree,Neutral,Agree,Agree,Strongly Agree,Neutral,Strongly disagree,Disagree,Strongly Agree,Agree,Strongly disagree,Strongly disagree,Disagree,Neutral,"Diagrams, The tests I write",Depending of business rules or Edge cases,Aways,Agree,Less than 15 minutes,Between 1 and 3 years
10/7/2024 22:33:32,Shared directly to you,Developer,Travel,Between 15 and 20,No,Spain,,Spain,C#,Between 41.000 and 50.000 €,15 - 20,Backend,I do automated test,Yes,Yes,,Yes,No,I know TDD,,,,,,Strongly Agree,Strongly Agree,Agree,Neutral,Agree,Strongly Agree,Disagree,Disagree,Neutral,Neutral,Disagree,Disagree,Neutral,Agree,"Diagrams, The tests I write",,Often,Agree,Less than 15 minutes,Between 5 and 10 years
10/7/2024 22:38:04,Developer Communities,CTO,Photography,Between 10 and 15,No,Spain,,Spain,"Javascript, PHP, Typescript",Between 61.000 and 70.000 €,3 - 5,Fullstack,I do automated test,Yes,Yes,,Yes,No,I know TDD,,,,,,Strongly Agree,Strongly Agree,Strongly Agree,Neutral,Strongly Agree,Strongly Agree,Disagree,Strongly Agree,Strongly Agree,Strongly Agree,Strongly disagree,Agree,Disagree,Strongly Agree,The tests I write,.,Aways,Strongly agree,Less than 15 minutes,Between 3 and 5 years
10/7/2024 22:47:48,X (twitter),tech principal,Consultancy,Between 20 and 25,No,Spain,,Spain,"Java, Javascript, Typescript",Between 71.000 and 80.000 €,5 - 10,Fullstack,I do automated test,Yes,Yes,,Yes,No,I know TDD,,,,,,Strongly Agree,Strongly Agree,Strongly disagree,Disagree,Disagree,Strongly Agree,Strongly disagree,Strongly disagree,Strongly disagree,Strongly disagree,Strongly disagree,Strongly disagree,Strongly disagree,Strongly disagree,The tests I write,To make my app to do something new,Aways,Strongly agree,Less than 15 minutes,Between 5 and 10 years
10/7/2024 23:14:27,LinkedIn,Developer,Retail,Between 5 and 10,Yes,Spain,Almería Tech and Rock the JVM,Spain,"Java, Kotlin",Between 41.000 and 50.000 €,5 - 10,Backend,I do automated test,Yes,Yes,,Yes,No,I know TDD,,,,,,Strongly Agree,Neutral,Strongly Agree,Neutral,Agree,Strongly Agree,Strongly disagree,Strongly Agree,Strongly Agree,Disagree,Strongly disagree,Strongly disagree,Disagree,Agree,Diagrams,I only write test cases when coding new features or when I face legacy code with low coverage,Often,Strongly agree,Less than 15 minutes,Between 1 and 3 years
10/7/2024 23:38:24,LinkedIn,Head of Engineering,Legal,Between 20 and 25,No,United Kingdom,,United Kingdom,"Python, Javascript, Typescript",More than 100.000 €,15 - 20,Fullstack,I do automated test,Yes,Yes,,Yes,No,I know TDD,,,,,,Strongly Agree,Strongly Agree,Agree,Disagree,Agree,Strongly Agree,Strongly disagree,Neutral,Disagree,Disagree,Strongly disagree,Agree,Strongly disagree,Neutral,"Diagrams, Pseudo code, The tests I write",Based on an example,Aways,Strongly agree,Less than 15 minutes,Between 5 and 10 years
10/7/2024 23:48:51,LinkedIn,Developer,audiovisual,Between 15 and 20,Yes,Cuba,Murcia Software Crafters,Spain,Java,Between 41.000 and 50.000 €,10 - 15,Backend,I do automated test,Yes,Yes,,Yes,No,I know TDD,,,,,,Strongly Agree,Disagree,Strongly Agree,Disagree,Neutral,Agree,Strongly disagree,Strongly disagree,Strongly disagree,Strongly disagree,Strongly disagree,Disagree,Strongly disagree,Disagree,The tests I write,when I need add a new feature or when exist a not covered error,Often,Strongly agree,Less than 15 minutes,Between 1 and 3 years
10/7/2024 23:52:19,LinkedIn,Developer,Software consulting,Between 1 and 5,Yes,Spain,Testing,Spain,"Java, Javascript, Typescript",Between 11.000 and 20.000 €,5 - 10,Fullstack,I do automated test,Yes,Yes,,Yes,No,I know TDD,,,,,,Strongly Agree,Strongly Agree,Neutral,Strongly Agree,Agree,Agree,Disagree,Agree,Strongly Agree,Strongly Agree,Agree,Strongly Agree,Agree,Agree,The tests I write,Voy del Happy path hasta los cornes case,Aways,Strongly agree,Less than 15 minutes,Between 1 and 3 years
10/8/2024 0:11:39,X (twitter),Developer,Travel,Between 15 and 20,No,Spain,,Spain,Ruby,Between 61.000 and 70.000 €,5 - 10,Backend,I do automated test,Yes,Yes,,Yes,No,I know TDD,,,,,,Strongly Agree,Agree,Strongly Agree,Disagree,Disagree,Agree,Disagree,Strongly disagree,Disagree,Neutral,Disagree,Disagree,Neutral,Neutral,"Diagrams, The tests I write","A new condition needed: use case, exceptional case, etc...",Aways,Agree,Less than 15 minutes,Between 5 and 10 years
10/8/2024 0:12:05,Shared directly to you,Developer,Consultancy,Between 15 and 20,No,Spain,,"France, Spain","Python, Javascript, PHP, SQL, Typescript",Between 51.000 and 60.000 €,3 - 5,Backend,I do automated test,Yes,Yes,,Yes,No,I know TDD,,,,,,Strongly Agree,Strongly Agree,Disagree,Strongly Agree,Strongly Agree,Strongly Agree,Strongly disagree,Agree,Agree,Strongly disagree,Strongly disagree,Neutral,Disagree,Neutral,The tests I write,I need to make a change so I start with the test,Aways,Strongly agree,Less than 15 minutes,Between 3 and 5 years
10/8/2024 0:47:16,Developer Communities,Developer,Oil & Gas,Between 5 and 10,Yes,United States,Software Essentialist Discord,United States,"Python, Javascript, PHP, SQL, Typescript",More than 100.000 €,1 - 3,Fullstack,I do automated test,Yes,Yes,,Yes,Yes,I know TDD,,,,,,Strongly Agree,Strongly disagree,Strongly Agree,Strongly disagree,Strongly disagree,Agree,Strongly Agree,Strongly disagree,Strongly disagree,Strongly disagree,Strongly Agree,Strongly disagree,Strongly disagree,Strongly Agree,"Diagrams, The tests I write",Has to be in service to a use case,Aways,Strongly agree,Less than 15 minutes,Between 3 and 5 years
10/8/2024 2:45:51,Slack WeDoTDD group,Tech Lead,Insurance,More than 30,Yes,United States,Over a dozen. Mostly Agile.,United States,"Java, Other",More than 100.000 €,More than 30,Backend,I do automated test,Yes,Yes,,No,Yes,I know TDD,,,,,,Strongly Agree,Strongly disagree,Strongly Agree,Disagree,Strongly disagree,Agree,Disagree,Strongly disagree,Strongly disagree,Strongly disagree,Strongly Agree,Disagree,Disagree,Disagree,"The tests I write, Refactoring. And sometimes diagrams, grids, etc.",Additional functionality is needed.,Aways,Strongly agree,45-60 minutes,Between 20 and 30 years
10/8/2024 4:16:11,Developer Communities,Developer,Consultancy,Between 5 and 10,Yes,Spain,Agile Craftsmanship Canarias,United Arab Emirates,"Java, GO, Kotlin, Dart, Typescript",Between 41.000 and 50.000 €,5 - 10,Fullstack,I do automated test,Yes,Yes,,Yes,No,I know TDD,,,,,,Strongly Agree,Strongly Agree,Agree,Strongly Agree,Agree,Strongly Agree,Strongly Agree,Agree,Disagree,Disagree,Strongly disagree,Disagree,Disagree,Strongly Agree,"Diagrams, Pseudo code, The tests I write",BDD,Aways,Strongly agree,Less than 15 minutes,Between 1 and 3 years
10/8/2024 5:20:46,LinkedIn,Tech Lead,Communications,Between 10 and 15,Yes,France,Software Craftsmanship Luxembourg,"United Kingdom, United States",C#,More than 100.000 €,20 - 25,Backend,I do automated test,Yes,Yes,,Yes,No,I know TDD,,,,,,Strongly Agree,Strongly disagree,Strongly Agree,Neutral,Neutral,Strongly Agree,Strongly disagree,Neutral,Disagree,Strongly disagree,Neutral,Strongly disagree,Disagree,Neutral,The tests I write,New behavior,Aways,Strongly agree,Less than 15 minutes,Between 3 and 5 years
10/8/2024 5:37:56,LinkedIn,CTO,Consultancy,Between 20 and 25,Yes,Spain,NodeJs and JavaScript. PHP,Spain,"Javascript, PHP, SQL, Typescript",Between 81.000 and 90.000 €,More than 30,Fullstack,I do automated test,Yes,Yes,,Yes,No,I know TDD,,,,,,Strongly Agree,Strongly Agree,Disagree,Agree,Agree,Agree,Disagree,Strongly disagree,Neutral,Neutral,Agree,Disagree,Disagree,Agree,The tests I write,"Failure rule, Bug-driven test rule, Requirement rule, refactoring rule",Often,Strongly agree,Less than 15 minutes,Between 10 and 20 years
10/8/2024 6:17:48,LinkedIn,Developer,healthcare,Between 10 and 15,Yes,Spain,"local meetups,",Spain,PHP,Between 51.000 and 60.000 €,5 - 10,Backend,I do automated test,Yes,Yes,,Yes,Yes,I know TDD,,,,,,Strongly Agree,Neutral,Strongly Agree,Neutral,Neutral,Neutral,Agree,Disagree,Strongly disagree,Strongly disagree,Neutral,Disagree,Disagree,Agree,"Diagrams, The tests I write",is the feature complete,Often,Agree,Less than 15 minutes,Between 3 and 5 years
10/8/2024 7:10:12,Developer Communities,Developer,Burocracy,Between 1 and 5,Yes,Spain,Software Crafters Madrid c:,Spain,"Java, C#, Javascript, SQL, Typescript",Between 31.000 and 40.000 €,1 - 3,Fullstack,I do automated test,Yes,Yes,,Yes,No,I know TDD,,,,,,Strongly Agree,Strongly Agree,Strongly disagree,Agree,Disagree,Neutral,Strongly disagree,Disagree,Disagree,Strongly Agree,Strongly disagree,Disagree,Strongly disagree,Strongly Agree,The tests I write,If a behavior that I expect to exist hasn't been tested,Aways,Strongly agree,Less than 15 minutes,Between 1 and 3 years
10/8/2024 7:12:32,LinkedIn,XP Coach,Consulting,Between 25 and 30,Yes,United States,Software Craftsmanship,"India, Ireland, United States",Java,More than 100.000 €,5 - 10,Fullstack,I do automated test,Yes,Yes,,Yes,No,I know TDD,,,,,,Strongly Agree,Strongly Agree,Disagree,Strongly Agree,Strongly Agree,Neutral,Strongly disagree,Strongly disagree,Strongly Agree,Agree,Disagree,Strongly disagree,Neutral,Agree,The tests I write,New behavior is needed,Aways,Strongly agree,Less than 15 minutes,Between 20 and 30 years
10/8/2024 7:45:14,LinkedIn,Engineering Coach/consultant,Consultancy,Between 15 and 20,Yes,United Kingdom,Php london,United Kingdom,"Python, Java, Javascript, GO, Typescript",Between 91.000 and 100.000 €,5 - 10,Fullstack,I do automated test,Yes,Yes,,Yes,No,I know TDD,,,,,,Strongly Agree,Agree,Strongly Agree,Strongly Agree,Strongly Agree,Strongly Agree,Strongly disagree,Neutral,Strongly Agree,Strongly Agree,Strongly disagree,Strongly disagree,Strongly disagree,Strongly disagree,The tests I write,If the feature is not complete I need another test,Aways,Strongly agree,Less than 15 minutes,Between 5 and 10 years
10/8/2024 7:45:23,X (twitter),Team Lead,mobility,Between 20 and 25,Yes,Spain,Software Crafters,Spain,"Kotlin, Typescript",More than 100.000 €,20 - 25,Backend,I do automated test,Yes,Yes,,Yes,Yes,I know TDD,,,,,,Strongly Agree,Strongly Agree,Disagree,Strongly Agree,Agree,Agree,Disagree,Strongly Agree,Disagree,Agree,Strongly disagree,Disagree,Strongly disagree,Strongly Agree,The tests I write,New business case,Aways,Strongly agree,Less than 15 minutes,Between 5 and 10 years
10/8/2024 7:56:28,Shared directly to you,Tech Lead,Consultancy,Between 5 and 10,Yes,Spain,Murcia Software Crafters,"Australia, Romania, Spain","C#, Javascript, PHP, SQL, GO",Between 51.000 and 60.000 €,5 - 10,Backend,I do automated test,Yes,Yes,,Yes,No,I know TDD,,,,,,Strongly Agree,Strongly disagree,Strongly Agree,Strongly Agree,Strongly Agree,Strongly Agree,Strongly disagree,Neutral,Strongly Agree,Strongly Agree,Strongly disagree,Strongly disagree,Strongly disagree,Strongly disagree,The tests I write,Next more important behaviour to add to the product,Aways,Strongly agree,Less than 15 minutes,Between 5 and 10 years
10/8/2024 8:50:17,X (twitter),Developer,telecom,Between 15 and 20,Yes,Spain,few local Software Crafters groups,"Germany, Romania, Spain, Turkey, United Kingdom","Python, GO",Between 41.000 and 50.000 €,15 - 20,Backend,I do automated test,Yes,Yes,,Yes,No,I know TDD,,,,,,Strongly Agree,Disagree,Agree,Disagree,Disagree,Neutral,Neutral,Strongly Agree,Disagree,Neutral,Disagree,Strongly disagree,Disagree,Agree,The tests I write,The next business rule of the usecase,Aways,Agree,15-30 minutes,Between 1 and 3 years
10/8/2024 9:00:36,Shared directly to you,Developer,Travel,Between 5 and 10,Yes,Spain,"Software crafters Murcia, Murcia Devs","Dominican Republic, France, Germany, Italy, Mauritius, Mexico, Romania, Spain",C#,Between 61.000 and 70.000 €,1 - 3,Fullstack,I do automated test,Yes,Yes,,Yes,Yes,I know TDD,,,,,,Strongly Agree,Agree,Agree,Neutral,Disagree,Strongly Agree,Strongly disagree,Disagree,Neutral,Agree,Disagree,Disagree,Neutral,Strongly disagree,The tests I write,"What's the next business need I have or what's the next step that takes me closer to the end of the task, taking into account the testing boundries I have",Aways,Strongly agree,Less than 15 minutes,Between 3 and 5 years
10/8/2024 9:00:56,Developer Communities,Tech Lead,Consultancy. Fintech. ECommerce.,Between 10 and 15,Yes,Spain,"Valencia Tech Hub, Zaragoza Zit Hub, all slack communities. Nothing formal.","Netherlands, Switzerland, United Kingdom, United States","Java, Javascript, SQL, Typescript",Between 61.000 and 70.000 €,3 - 5,Fullstack,I do automated test,Yes,Yes,,Yes,Yes,I know TDD,,,,,,Strongly disagree,Strongly Agree,Agree,Neutral,Disagree,Neutral,Disagree,Strongly Agree,Agree,Agree,Strongly disagree,Agree,Neutral,Disagree,The tests I write,New requirements. Legacy code coverage. Rewrite all test cases because the previous developer had no idea what they were doing.,Aways,Agree,15-30 minutes,Between 5 and 10 years
10/8/2024 9:12:17,work slack,Developer,tourism,Between 1 and 5,No,Italy,,"Dominican Republic, Germany, Italy, Spain, Turkey",C#,Between 21.000 and 30.000 €,5 - 10,Backend,I do automated test,Yes,Yes,,Yes,No,I know TDD,,,,,,Agree,Agree,Neutral,Agree,Neutral,Agree,Strongly disagree,Disagree,Neutral,Neutral,Disagree,Disagree,Neutral,Neutral,"Pseudo code, The tests I write",does it add value and/or help in any way?,Aways,Neutral,Less than 15 minutes,Between 3 and 5 years
10/8/2024 9:48:50,Developer Communities,Developer,"We are building a blockchain based product that could be used in many places/industries.
So probably software industry/ IT ?",Between 10 and 15,Yes,Hungary,essentialist.dev,"Germany, Hungary","Python, Typescript",Between 31.000 and 40.000 €,3 - 5,Fullstack,I do manual test,Yes,Yes,,Yes,Yes,I know TDD,,,,,,Strongly Agree,Disagree,Agree,Disagree,Strongly disagree,Neutral,Agree,Strongly disagree,Strongly disagree,Strongly disagree,Neutral,Strongly disagree,Neutral,Agree,"Diagrams, The tests I write","Is the task at hand tricky enough to NOT be able to solve it in a way that gives me enough confidence at the end?
Can I create a valuable enough test case?
Will I be more uncomfortable without a test case than with it or not?",Rarely,Disagree,Less than 15 minutes,Between 3 and 5 years
10/8/2024 9:49:53,Developer Communities,Developer,Asset sharing,Between 20 and 25,Yes,Spain,"Software crafters Murcia, Murcia Dev","Argentina, Mexico, Peru, Spain, Uruguay",GO,Between 61.000 and 70.000 €,5 - 10,Backend,I do automated test,Yes,Yes,,Yes,No,I know TDD,,,,,,Strongly Agree,Strongly disagree,Strongly disagree,Strongly disagree,Strongly disagree,Strongly Agree,Disagree,Agree,Strongly disagree,Disagree,Strongly disagree,Strongly disagree,Neutral,Neutral,"Diagrams, The tests I write",Test the behavior given some conditions,Aways,Strongly agree,15-30 minutes,Between 5 and 10 years
10/8/2024 9:51:20,Shared directly to you,Developer,Consultancy,Between 5 and 10,Yes,Spain,"Tech Excellence, Murcia Software Crafters, GofiGeeks, Codurance Craft Events","Spain, United Arab Emirates","C++, Swift, Kotlin, Dart",Between 21.000 and 30.000 €,5 - 10,Backend,I do automated test,Yes,Yes,,Yes,No,I know TDD,,,,,,Strongly Agree,Agree,Agree,Strongly Agree,Agree,Agree,Strongly disagree,Strongly Agree,Strongly Agree,Disagree,Strongly disagree,Neutral,Neutral,Agree,The tests I write,"For example if I'm adding a new business logic, this needs a new test case.",Aways,Strongly agree,Less than 15 minutes,Between 1 and 3 years
10/8/2024 9:56:17,Developer Communities,Tech Lead,clothing,Between 20 and 25,Yes,Spain,SOCRA,Spain,"Java, Javascript, Groovy, Typescript",Between 61.000 and 70.000 €,5 - 10,Fullstack,I do automated test,Yes,Yes,,Yes,Yes,Yes,Yes,"Books, Video courses, Communities of software",No,More than 40 €,Between 10 and 20 years,Strongly Agree,Agree,Agree,Disagree,Disagree,Disagree,Disagree,Neutral,Disagree,Strongly disagree,Strongly disagree,Strongly disagree,Neutral,Agree,Diagrams,new workflow or business logic to ensure it works,Aways,Strongly agree,Less than 15 minutes,Between 5 and 10 years
10/8/2024 9:59:19,Shared directly to you,Developer,invoicing,Between 5 and 10,No,Spain,,Spain,C#,Between 51.000 and 60.000 €,5 - 10,Backend,I do automated test,Yes,Yes,,Yes,Yes,I know TDD,,,,,,Strongly Agree,Agree,Agree,Agree,Neutral,Disagree,Agree,Strongly Agree,Strongly Agree,Neutral,Strongly disagree,Strongly disagree,Strongly Agree,Agree,"Diagrams, The tests I write",-,Aways,Neutral,Less than 15 minutes,Between 1 and 3 years
10/8/2024 10:00:11,Developer Communities,Developer,Logistics,Between 10 and 15,Yes,Spain,"MurciaDev, EmberJS, webAssembly, Leptos, Reactiflux","Canada, United States",Javascript,Between 81.000 and 90.000 €,10 - 15,Frontend,I do automated test,Yes,Yes,,Yes,No,I know TDD,,,,,,Strongly Agree,Strongly Agree,Agree,Neutral,Strongly Agree,Strongly Agree,Strongly disagree,Disagree,Neutral,Strongly Agree,Strongly disagree,Disagree,Neutral,Neutral,The tests I write,"One feature, one test case (it can have exceptions if it's an improvement of an existing feature)",Aways,Strongly disagree,15-30 minutes,Between 10 and 20 years
10/8/2024 10:16:57,Shared directly to you,Developer,education,Between 5 and 10,Yes,Spain,Software Crafters,"Austria, Germany, United Kingdom, United States",PHP,Between 71.000 and 80.000 €,More than 30,Backend,I do automated test,Yes,Yes,,Yes,No,I know TDD,,,,,,Strongly Agree,Disagree,Strongly Agree,Neutral,Disagree,Agree,Strongly disagree,Disagree,Disagree,Strongly disagree,Disagree,Strongly disagree,Agree,Agree,"Pseudo code, The tests I write","Write an e2e first, then write unit/functional tests for other classes",Aways,Strongly agree,15-30 minutes,Between 3 and 5 years
10/8/2024 10:17:44,Shared directly to you,Developer,Consultancy,Between 20 and 25,Yes,Argentina,BCN crafters,Spain,"Java, C#, Javascript, PHP, SQL",Between 51.000 and 60.000 €,3 - 5,Backend,I do automated test,Yes,Yes,,Yes,No,I know TDD,,,,,,Strongly Agree,Strongly Agree,Disagree,Agree,Agree,Agree,Disagree,Agree,Neutral,Disagree,Disagree,Strongly disagree,Disagree,Neutral,"Diagrams, The tests I write",When I discover a new bug or when I need to start a new feature from scratch,Aways,Agree,Less than 15 minutes,Between 1 and 3 years
10/8/2024 10:39:17,X (twitter),Developer,Micromobility,Between 20 and 25,Yes,Spain,Software Crafters Barcelona,"Belgium, France, Italy, Netherlands, Portugal, Spain","Kotlin, Typescript",More than 100.000 €,20 - 25,Backend,I do automated test,Yes,Yes,,Yes,No,I know TDD,,,,,,Strongly Agree,Disagree,Strongly Agree,Strongly Agree,Strongly Agree,Strongly Agree,Strongly disagree,Disagree,Strongly Agree,Agree,Strongly disagree,Strongly disagree,Strongly disagree,Disagree,"Diagrams, The tests I write",If it will change the production code or is an important business rule,Often,Strongly agree,Less than 15 minutes,Between 10 and 20 years
10/8/2024 10:39:54,X (twitter),Tech Lead,Education,Between 10 and 15,No,Spain,,United States,"C#, Javascript, SQL, Typescript",Between 91.000 and 100.000 €,3 - 5,Fullstack,I do automated test,Yes,Yes,,Yes,Yes,I know TDD,,,,,,Strongly Agree,Strongly Agree,Agree,Neutral,Disagree,Disagree,Agree,Disagree,Strongly disagree,Neutral,Disagree,Disagree,Agree,Agree,"Pseudo code, The tests I write",Complexity,Aways,Agree,Less than 15 minutes,Between 5 and 10 years
10/8/2024 10:43:33,X (twitter),Developer,Consultancy,Between 10 and 15,Yes,Spain,Tarugos,Spain,"C#, Javascript, SQL",Between 41.000 and 50.000 €,5 - 10,Fullstack,I do automated test,Yes,Yes,,Yes,No,I know TDD,,,,,,Strongly Agree,Neutral,Strongly Agree,Neutral,Agree,Agree,Strongly disagree,Strongly Agree,Disagree,Agree,Disagree,Disagree,Disagree,Agree,The tests I write,"Make each business rules a outside test, go deep inside",Aways,Strongly agree,Less than 15 minutes,Between 3 and 5 years
10/8/2024 10:47:01,X (twitter),Tech Lead,education,Between 25 and 30,Yes,Spain,Vigo Open Source,Spain,"Javascript, PHP, SQL",Between 51.000 and 60.000 €,1 - 3,Backend,I do manual test,Yes,Yes,,Yes,Yes,I know TDD,,,,,,Strongly Agree,Disagree,Agree,Strongly disagree,Strongly disagree,Strongly disagree,Agree,Neutral,Strongly disagree,Strongly disagree,Agree,Agree,Neutral,Disagree,"Diagrams, The tests I write",Complex Feature,Sometimes,Agree,Less than 15 minutes,Between 5 and 10 years
10/8/2024 11:07:26,Developer Communities,Developer,consultancy,Between 15 and 20,Yes,Croatia,"Software Crafters, We Do TDD",Finland,"Kotlin, Typescript",Between 51.000 and 60.000 €,1 - 3,Fullstack,I do automated test,Yes,Yes,,Yes,Yes,I know TDD,,,,,,Strongly Agree,Strongly Agree,Agree,Neutral,Neutral,Agree,Disagree,Disagree,Strongly disagree,Strongly disagree,Strongly disagree,Neutral,Strongly disagree,Strongly Agree,"Diagrams, The tests I write",The desired behaviour is not described in a test yet,Aways,Disagree,Less than 15 minutes,Between 5 and 10 years
10/8/2024 12:03:18,Shared directly to you,DevOps,travel,Between 25 and 30,Yes,Spain,Software Crafters Barcelona,Spain,"C#, Groovy",Between 51.000 and 60.000 €,3 - 5,Backend,I do automated test,Yes,Yes,,Yes,Yes,I know TDD,,,,,,Strongly Agree,Disagree,Agree,Agree,Agree,Agree,Neutral,Disagree,Strongly Agree,Neutral,Disagree,Disagree,Disagree,Agree,"Diagrams, The tests I write",If I find a new requirement or obscure implication of some decision,Often,Strongly agree,15-30 minutes,Between 5 and 10 years
10/8/2024 12:09:30,Developer Communities,Developer,Computer and technology,Between 5 and 10,Yes,Hungary,https://www.essentialist.dev/,Austria,"Javascript, Typescript",Between 71.000 and 80.000 €,1 - 3,Frontend,I do automated test,Yes,Yes,,Yes,No,I know TDD,,,,,,Strongly Agree,Agree,Strongly Agree,Agree,Disagree,Agree,Disagree,Strongly disagree,Strongly disagree,Neutral,Neutral,Neutral,Disagree,Agree,"Pseudo code, The tests I write",Write new test cases for each feature and edge-case,Often,Strongly agree,Less than 15 minutes,Between 1 and 3 years
10/8/2024 12:16:31,Developer Communities,Developer,social networks,Between 5 and 10,Yes,Andorra,bcneng.slack.com,"Andorra, Spain, United States","Python, Javascript, PHP, Typescript",Between 81.000 and 90.000 €,5 - 10,Fullstack,I do automated test,Yes,Yes,,Yes,Yes,I know TDD,,,,,,Strongly Agree,Strongly Agree,Neutral,Strongly Agree,Disagree,Disagree,Neutral,Agree,Disagree,Strongly disagree,Agree,Disagree,Agree,Agree,"Diagrams, Pseudo code, The tests I write","Bug Fixes, Complex Scenarios",Aways,Strongly agree,30-45 minutes,Between 5 and 10 years
10/8/2024 12:23:42,Developer Communities,CTO,Consultancy,Between 25 and 30,Yes,Cuba,Blah,United States,"Kotlin, Typescript",More than 100.000 €,20 - 25,Fullstack,I do automated test,Yes,Yes,,Yes,No,I know TDD,,,,,,Strongly Agree,Agree,Strongly Agree,Strongly Agree,Neutral,Strongly Agree,Strongly disagree,Agree,Neutral,Agree,Strongly disagree,Strongly disagree,Neutral,Agree,"Diagrams, The tests I write",Blah,Aways,Neutral,Less than 15 minutes,Between 10 and 20 years
10/8/2024 12:27:14,Shared directly to you,Developer,travel,Between 15 and 20,No,Spain,,Spain,"Java, C#, Kotlin",Between 61.000 and 70.000 €,5 - 10,Backend,I do automated test,Yes,Yes,,Yes,No,I know TDD,,,,,,Strongly Agree,Strongly Agree,Agree,Neutral,Agree,Strongly Agree,Disagree,Disagree,Neutral,Agree,Strongly disagree,Neutral,Disagree,Agree,"Diagrams, The tests I write",Most of the cases with new use case or new bug found,Aways,Strongly agree,Less than 15 minutes,Between 5 and 10 years
10/8/2024 12:39:40,Shared directly to you,Tech Lead,ecommerce for an important company in textile sector,Between 1 and 5,No,Spain,,Spain,"Java, Typescript",Between 31.000 and 40.000 €,5 - 10,Backend,I do automated test,Yes,Yes,,Yes,No,I know TDD,,,,,,Strongly Agree,Agree,Disagree,Strongly Agree,Neutral,Agree,Strongly disagree,Disagree,Strongly disagree,Disagree,Disagree,Strongly disagree,Neutral,Disagree,The tests I write,If I want to add a new feature or extend an existing one y have to write a failing test first,Often,Agree,Less than 15 minutes,Between 1 and 3 years
10/8/2024 12:56:34,X (twitter),Developer,Financial,Between 20 and 25,Yes,Spain,Java User Groups,Spain,"Java, SQL",Between 71.000 and 80.000 €,3 - 5,Backend,I do automated test,Yes,Yes,,Yes,Yes,I know TDD,,,,,,Strongly Agree,Agree,Strongly Agree,Agree,Agree,Neutral,Neutral,Neutral,Neutral,Neutral,Strongly disagree,Agree,Agree,Disagree,"Pseudo code, The tests I write",There is logic that I need to verify,Often,Agree,Less than 15 minutes,Between 10 and 20 years
10/8/2024 13:03:01,LinkedIn,Technical Coach,real estate,Between 20 and 25,Yes,Argentina,socrates,"Netherlands, Spain, Thailand","Python, Java, PHP, Kotlin, Other",More than 100.000 €,3 - 5,Backend,I do automated test,Yes,Yes,,Yes,Yes,I know TDD,,,,,,Strongly Agree,Neutral,Agree,Neutral,Agree,Agree,Strongly disagree,Strongly disagree,Agree,Agree,Strongly disagree,Disagree,Disagree,Agree,"Diagrams, Pseudo code, The tests I write","Going from simpler to more complex, I write a new test case when the previous is satisfied. Bug fixes are also reasons to write a test case.",Aways,Strongly agree,Less than 15 minutes,Between 10 and 20 years
10/8/2024 13:06:48,Developer Communities,Engineering Manager,SaaS,Between 10 and 15,Yes,Spain,"Rands Leadership, BCN Engineering",Spain,"Python, Java, Javascript, PHP, SQL, Typescript",Between 51.000 and 60.000 €,5 - 10,Backend,I do automated test,Yes,Yes,,No,No,I know TDD,,,,,,Strongly Agree,Strongly disagree,Strongly Agree,Strongly disagree,Agree,Strongly Agree,Disagree,Neutral,Strongly disagree,Strongly disagree,Agree,Neutral,Disagree,Strongly Agree,The tests I write,Am I confident to go to Production with the test cases I already have?,Aways,Neutral,15-30 minutes,Between 1 and 3 years
10/8/2024 13:12:52,X (twitter),Tech Lead,Consultancy,Between 10 and 15,Yes,Spain,SugCAT,"Germany, India, Spain, United States","C#, Javascript, SQL, Typescript",Between 81.000 and 90.000 €,5 - 10,Fullstack,I do automated test,Yes,Yes,,Yes,Yes,Yes,No,"Books, Video courses, Communities of software, development, Blog posts from practitioners",No,No,Between 3 and 5 years,Neutral,Strongly disagree,Strongly disagree,Strongly disagree,Strongly disagree,Strongly disagree,Neutral,Strongly disagree,Strongly disagree,Strongly disagree,Neutral,Strongly Agree,Neutral,Neutral,Diagrams,Class coverage,Aways,Agree,More than 1 hour,Between 1 and 3 years
10/8/2024 14:07:39,Shared directly to you,Team Lead,edu-tech,Between 5 and 10,Yes,Romania,"Tech Leaders Guild, Essentialist",United States,Typescript,Between 0 and 10.000 €,5 - 10,Fullstack,I do manual test,Yes,Yes,,Yes,Yes,I know TDD,,,,,,Agree,Strongly disagree,Strongly Agree,Strongly disagree,Strongly disagree,Neutral,Neutral,Strongly disagree,Strongly disagree,Strongly disagree,Neutral,Strongly disagree,Strongly disagree,Strongly Agree,The tests I write,It depends.,Never,Strongly disagree,Less than 15 minutes,Between 1 and 3 years
10/8/2024 14:20:02,X (twitter),Tech Lead,Energy,Between 20 and 25,No,Spain,,"Spain, Switzerland",Python,Between 51.000 and 60.000 €,1 - 3,Fullstack,I do automated test,Yes,Yes,,Yes,No,I know TDD,,,,,,Agree,Agree,Strongly Agree,Disagree,Disagree,Strongly Agree,Strongly disagree,Agree,Agree,Disagree,Disagree,Neutral,Neutral,Strongly Agree,"Diagrams, Pseudo code, The tests I write",Do not have rule,Often,Strongly agree,Less than 15 minutes,Between 5 and 10 years
10/8/2024 14:22:46,LinkedIn,Tech Lead,Rental apartments,Between 5 and 10,No,Spain,,"France, Germany, Portugal, Spain",Other,Between 41.000 and 50.000 €,3 - 5,Backend,I do automated test,Yes,Yes,,Yes,No,I know TDD,,,,,,Strongly Agree,Strongly Agree,Agree,Agree,Agree,Strongly Agree,Strongly disagree,Agree,Neutral,Agree,Disagree,Disagree,Disagree,Neutral,,New business rules,Aways,Strongly agree,Less than 15 minutes,Between 1 and 3 years
10/8/2024 14:24:43,Slack,Developer,consultancy,Between 20 and 25,Yes,Spain,Symfony community,"Netherlands, Spain","Javascript, PHP, SQL, Typescript",Between 41.000 and 50.000 €,1 - 3,Fullstack,I do automated test,Yes,Yes,,Yes,No,I know TDD,,,,,,Agree,Agree,Agree,Agree,Agree,Agree,Neutral,Neutral,Agree,Agree,Neutral,Agree,Agree,Agree,The tests I write,New tasks or features,Aways,Agree,Less than 15 minutes,Between 5 and 10 years
10/8/2024 15:55:36,LinkedIn,Developer,Water management,Between 20 and 25,Yes,Spain,"Crafters communities, XP, Lean...","Australia, Germany, Spain, United States","Javascript, Typescript, Other",Between 41.000 and 50.000 €,1 - 3,Backend,I do automated test,Yes,Yes,,Yes,Yes,I know TDD,,,,,,Strongly Agree,Agree,Agree,Neutral,Neutral,Agree,Strongly disagree,Disagree,Disagree,Neutral,Neutral,Disagree,Disagree,Agree,The tests I write,"A bug has been found, a new behaviour has to be introduced or I found missing tests from some behaviours already existing",Aways,Agree,Less than 15 minutes,Between 10 and 20 years
10/8/2024 16:09:24,Developer Communities,Developer,Energy,Between 15 and 20,Yes,Netherlands,"Software Crafters, Utrecht JUG, Netherlands Kotlin User Group",Netherlands,"Java, Kotlin, Typescript",More than 100.000 €,3 - 5,Backend,I do automated test,Yes,Yes,,Yes,No,I know TDD,,,,,,Strongly Agree,Agree,Agree,Disagree,Disagree,Strongly Agree,Strongly disagree,Disagree,Strongly disagree,Strongly disagree,Neutral,Neutral,Neutral,Neutral,The tests I write,It forces me to write the code I already know I need to write,Aways,Agree,15-30 minutes,Between 5 and 10 years
10/8/2024 17:43:45,WeDoTDD Slack,Technical coach,Any,More than 30,Yes,United States,"Software Crafters, Seattle Code Crafters, GeePaw's Camerata, Modern-Agile",United States,Swift,More than 100.000 €,20 - 25,Mobile apps,I do automated test,Yes,Yes,,Yes,No,I know TDD,,,,,,Strongly Agree,Strongly Agree,Strongly Agree,Strongly Agree,Strongly Agree,Strongly Agree,Disagree,Disagree,Strongly Agree,Strongly disagree,Strongly disagree,Strongly disagree,Neutral,Neutral,"Diagrams, The tests I write",New or refined behavior,Aways,Strongly agree,Less than 15 minutes,Between 20 and 30 years
10/8/2024 18:22:03,Shared directly to you,Developer,Consultancy,Between 1 and 5,No,Spain,,Spain,"C#, PHP, SQL, GO",Between 31.000 and 40.000 €,5 - 10,Fullstack,I do automated test,Yes,Yes,,Yes,No,I know TDD,,,,,,Strongly Agree,Strongly Agree,Disagree,Strongly Agree,Strongly Agree,Strongly Agree,Disagree,Strongly Agree,Strongly Agree,Strongly disagree,Strongly disagree,Disagree,Disagree,Neutral,"Diagrams, The tests I write","If there is any business logic involved and/or a code is going to be used more than once, I'll write a test.",Aways,Strongly agree,Less than 15 minutes,Between 1 and 3 years
10/8/2024 19:09:17,LinkedIn,Team Lead,Professional Services,Between 20 and 25,Yes,Argentina,".net baires, agiles argentina",Argentina,"C#, Visual Basic, Javascript, SQL",Between 31.000 and 40.000 €,5 - 10,Backend,I do manual test,Yes,Yes,,Yes,Yes,I know TDD,,,,,,Agree,Neutral,Strongly Agree,Disagree,Strongly disagree,Neutral,Strongly disagree,Strongly disagree,Strongly disagree,Strongly disagree,Strongly Agree,Disagree,Neutral,Strongly Agree,"Diagrams, Pseudo code, The tests I write","When i need to add more cases, or when I dont hace something to refactor. not sure.",Sometimes,Disagree,Less than 15 minutes,Between 3 and 5 years
10/8/2024 19:12:59,X (twitter),Tech Lead,Embedded development,Between 5 and 10,Yes,Spain,"Software crafters, system crafters, Midudev, LeanMind, Mouredev","France, Spain, United States","Python, C, C++, Javascript, PHP, SQL",Between 51.000 and 60.000 €,10 - 15,Fullstack,I do automated test,Yes,Yes,,Yes,Yes,Yes,Yes,"Books, Video courses, Communities of software, development",Yes,Between 0 and 5 €,Between 3 and 5 years,Agree,Neutral,Agree,Disagree,Strongly disagree,Disagree,Strongly disagree,Agree,Disagree,Strongly disagree,Agree,Disagree,Neutral,Neutral,"Diagrams, Pseudo code, The tests I write",When the app logic is complex or it has many different execution paths.,Sometimes,Disagree,More than 1 hour,Between 1 and 3 years
10/8/2024 19:13:22,X (twitter),CTO,marketing,Between 20 and 25,Yes,Spain,n/a,Spain,"Javascript, Scala, Typescript",More than 100.000 €,More than 30,Fullstack,I do automated test,Yes,Yes,,Yes,No,I know TDD,,,,,,Strongly Agree,Strongly Agree,Neutral,Neutral,Agree,Strongly Agree,Strongly disagree,Strongly disagree,Neutral,Agree,Strongly disagree,Strongly disagree,Strongly disagree,Strongly Agree,"Diagrams, The tests I write",normally for each use case,Aways,Strongly agree,Less than 15 minutes,Between 5 and 10 years
10/8/2024 19:43:44,LinkedIn,Engineering Manager,Fintech,More than 30,Yes,Canada,Twitter,Canada,"Python, Java, C#, Javascript, SQL, Ruby, Typescript",More than 100.000 €,5 - 10,Fullstack,I do automated test,Yes,Yes,,Yes,Yes,I know TDD,,,,,,Strongly Agree,Strongly Agree,Strongly Agree,Strongly disagree,Disagree,Strongly Agree,Strongly disagree,Agree,Agree,Strongly disagree,Strongly Agree,Agree,Agree,Strongly Agree,The tests I write,I use ZOMBIES formula,Aways,Strongly agree,Less than 15 minutes,Between 10 and 20 years
10/8/2024 20:35:44,Developer Communities,Tech Lead,Cosmetics,Between 10 and 15,Yes,Spain,BCN Enginyers,Spain,"Javascript, PHP, SQL, Typescript",Between 41.000 and 50.000 €,15 - 20,Fullstack,I do automated test,Yes,Yes,,Yes,No,I know TDD,,,,,,Agree,Neutral,Strongly Agree,Neutral,Agree,Agree,Strongly disagree,Agree,Strongly disagree,Strongly disagree,Neutral,Strongly disagree,Agree,Agree,"Diagrams, The tests I write",The acceptance tests of any feature,Often,Strongly agree,Less than 15 minutes,Between 3 and 5 years
10/8/2024 20:41:37,Shared directly to you,Developer,People engagement,Between 5 and 10,No,Spain,,Spain,"Javascript, SQL, Typescript",Between 21.000 and 30.000 €,3 - 5,Fullstack,I don't do any test,Yes,Yes,,No,Yes,Yes,Yes,Video courses,Yes,Between 0 and 5 €,Between 1 and 3 years,Agree,Neutral,Neutral,Disagree,Disagree,Disagree,Agree,Strongly disagree,Disagree,Disagree,Agree,Neutral,Neutral,Neutral,Pseudo code,Complexity of existing code that need output data,Rarely,Disagree,Less than 15 minutes,Between 1 and 3 years
10/8/2024 20:45:30,Developer Communities,Tech Lead,online car sales,Between 5 and 10,No,Spain,,"Belgium, France, Spain","Javascript, PHP, SQL, Typescript",Between 51.000 and 60.000 €,More than 30,Fullstack,I do automated test,Yes,Yes,,Yes,Yes,I know TDD,,,,,,Strongly Agree,Disagree,Agree,Agree,Neutral,Neutral,Disagree,Agree,Disagree,Disagree,Neutral,Neutral,Agree,Strongly Agree,"Diagrams, The tests I write",every use case has its own test case,Aways,Agree,Less than 15 minutes,Between 1 and 3 years
10/8/2024 21:54:12,LinkedIn,CTO,"Banking, consumer, insurance",Between 15 and 20,Yes,Morocco,"Moroccan Software Crafters, Paris Software Crafters","Botswana, Ethiopia, Finland, France, Morocco, Saudi Arabia, South Africa, United Arab Emirates","Python, Java, Javascript, Kotlin, Typescript",More than 100.000 €,More than 30,Fullstack,I do automated test,Yes,Yes,,No,No,I know TDD,,,,,,Strongly disagree,Strongly disagree,Strongly Agree,Neutral,Strongly disagree,Disagree,Neutral,Neutral,Strongly disagree,Strongly disagree,Neutral,Agree,Agree,Strongly Agree,"Diagrams, Pseudo code, The tests I write",Will the code properly react to the next edge case,Often,Strongly agree,Less than 15 minutes,Between 5 and 10 years
10/8/2024 22:56:17,LinkedIn,Developer,digital transformation consultancy and software development,Between 1 and 5,No,Mauritania,,Morocco,"Java, Javascript, SQL, Kotlin, Dart, Typescript",Between 11.000 and 20.000 €,3 - 5,Mobile apps,I do manual test,No,Yes,,Yes,Yes,I know TDD,,,,,,Strongly Agree,Neutral,Strongly Agree,Agree,Neutral,Neutral,Neutral,Agree,Strongly Agree,Neutral,Strongly disagree,Neutral,Neutral,Agree,"Diagrams, Pseudo code, Technical refinement",Control point or edge case,Aways,Strongly agree,Less than 15 minutes,Between 1 and 3 years
10/8/2024 23:13:55,X (twitter),Team Lead,Renewable Energies,Between 10 and 15,No,Spain,,"Australia, Germany, Malaysia, Mexico, Spain, United Kingdom, United States","Python, C, C++",Between 51.000 and 60.000 €,5 - 10,Backend,I do automated test,Yes,Yes,,No,Yes,Yes,Yes,"Books, Through mentoring, Communities of software",Yes,Between 6 and 10 €,Between 1 and 3 years,Agree,Strongly disagree,Strongly Agree,Neutral,Strongly disagree,Strongly Agree,Neutral,Strongly disagree,Strongly disagree,Strongly disagree,Strongly Agree,Strongly disagree,Disagree,Agree,"Pseudo code, The tests I write",Zombie,Often,Disagree,More than 1 hour,Between 1 and 3 years
10/8/2024 23:15:01,LinkedIn,Team Lead,Insurance,Between 10 and 15,Yes,Morocco,Devoxx,"France, Morocco","Java, Javascript, PHP, SQL, Typescript",Between 21.000 and 30.000 €,10 - 15,Fullstack,I do automated test,Yes,Yes,,Yes,Yes,I know TDD,,,,,,Strongly Agree,Strongly Agree,Neutral,Neutral,Disagree,Strongly Agree,Neutral,Strongly disagree,Strongly disagree,Agree,Agree,Neutral,Neutral,Neutral,Pseudo code,New requirement,Aways,Strongly agree,Less than 15 minutes,Between 5 and 10 years
10/8/2024 23:18:46,LinkedIn,Team Lead,Fishey and naval,Between 15 and 20,Yes,Spain,2,"Norway, Spain","C, C++, C#, MATLAB",Between 71.000 and 80.000 €,5 - 10,Backend,I do automated test,Yes,Yes,,Yes,Yes,I know TDD,,,,,,Strongly Agree,Strongly disagree,Strongly Agree,Neutral,Neutral,Agree,Strongly disagree,Agree,Strongly disagree,Disagree,Neutral,Disagree,Agree,Agree,"Diagrams, The tests I write",New behavior,Aways,Strongly agree,Less than 15 minutes,Between 5 and 10 years
10/9/2024 1:47:25,LinkedIn,Developer,Multidomain company,Between 1 and 5,No,Morocco,,Morocco,"Python, Javascript",Between 11.000 and 20.000 €,3 - 5,Fullstack,I do automated test,Yes,Yes,,Yes,No,I know TDD,,,,,,Agree,Agree,Agree,Strongly Agree,Neutral,Neutral,Disagree,Disagree,Neutral,Disagree,Disagree,Strongly disagree,Neutral,Neutral,Pseudo code,"is it probable , non redundant and essential for the code to run smoothly",Aways,Strongly agree,Less than 15 minutes,Between 1 and 3 years
10/9/2024 7:34:47,X (twitter),Developer,No code web product,Between 5 and 10,Yes,Argentina,Step4ward,Germany,"Javascript, Typescript",Between 71.000 and 80.000 €,3 - 5,Fullstack,I do automated test,Yes,Yes,,Yes,Yes,I know TDD,,,,,,Strongly Agree,Strongly Agree,Agree,Disagree,Strongly disagree,Disagree,Strongly disagree,Strongly disagree,Strongly disagree,Strongly Agree,Strongly Agree,Strongly disagree,Agree,Disagree,"Diagrams, The tests I write","There is no test, let's write it",Aways,Strongly disagree,Less than 15 minutes,Between 1 and 3 years
10/9/2024 8:26:40,X (twitter),Developer,consultancy,Between 15 and 20,No,Spain,,Spain,"Javascript, Typescript",Between 31.000 and 40.000 €,5 - 10,Frontend,I do automated test,Yes,Yes,,Yes,No,Yes,Yes,development,Yes,No,Between 5 and 10 years,Agree,Disagree,Strongly Agree,Disagree,Strongly disagree,Strongly disagree,Agree,Agree,Disagree,Strongly disagree,Strongly disagree,Disagree,Neutral,Neutral,Diagrams,"If it is something of a business, or has its own sufficient entity",Aways,Strongly agree,Less than 15 minutes,Between 1 and 3 years
10/9/2024 8:28:50,X (twitter),CTO,Productivity toools,Between 10 and 15,Yes,Spain,"Software Crafters Barcelona, BCN Eng, FastFlow, Wardley Mapping",Spain,"Python, Java, Javascript, PHP, Kotlin, Typescript",Between 71.000 and 80.000 €,1 - 3,Fullstack,I do automated test,Yes,Yes,,Yes,No,I know TDD,,,,,,Strongly Agree,Strongly Agree,Agree,Strongly Agree,Neutral,Strongly Agree,Strongly disagree,Agree,Neutral,Strongly Agree,Strongly disagree,Disagree,Strongly disagree,Disagree,"Diagrams, The tests I write","Happy path first, outside-in, add cases that describe business value on the upper layer as possible that still makes the problem understandable.",Aways,Strongly agree,Less than 15 minutes,Between 10 and 20 years
10/9/2024 8:32:20,Shared directly to you,Developer,Sustainable,Between 15 and 20,No,Spain,,Spain,"Python, GO",Between 41.000 and 50.000 €,3 - 5,Fullstack,I do automated test,Yes,Yes,,Yes,No,I know TDD,,,,,,Strongly Agree,Strongly Agree,Neutral,Strongly Agree,Strongly Agree,Strongly Agree,Strongly disagree,Strongly disagree,Strongly disagree,Strongly disagree,Neutral,Strongly disagree,Strongly disagree,Strongly disagree,The tests I write,needs to add new logic or make a change in the existing code,Often,Strongly agree,Less than 15 minutes,Between 3 and 5 years
10/9/2024 8:43:40,Shared directly to you,Developer,Hydraulic,Between 1 and 5,Yes,Spain,"Software crafters, WTM",Spain,"Javascript, Typescript",Between 31.000 and 40.000 €,1 - 3,Fullstack,I do automated test,Yes,Yes,,Yes,Yes,Yes,Yes,"Books, Video courses, Through mentoring, Communities of software, development",Yes,Between 21 and 30 €,Between 1 and 3 years,Strongly Agree,Strongly Agree,Agree,Neutral,Neutral,Agree,Neutral,Agree,Neutral,Neutral,Neutral,Neutral,Disagree,Agree,"Diagrams, The tests I write",.,Aways,Agree,Less than 15 minutes,Between 1 and 3 years
10/9/2024 8:45:13,X (twitter),Tech Lead,Legal,Between 5 and 10,No,Philippines,,United States,Java,Between 31.000 and 40.000 €,More than 30,Backend,I do automated test,Yes,No,Management decision,Yes,Yes,Yes,No,Video courses,Yes,Between 0 and 5 €,Between 1 and 3 years,Agree,Strongly disagree,Strongly disagree,Strongly disagree,Strongly disagree,Strongly disagree,Agree,Agree,Strongly disagree,Strongly disagree,Agree,Agree,Disagree,Agree,Pseudo code,New behaviour,Rarely,Disagree,Less than 15 minutes,Between 1 and 3 years
10/9/2024 8:46:37,Developer Communities,Developer,Finance,Between 5 and 10,Yes,Spain,"Software Crafters, local developer community, IA community","Spain, United States",Python,Between 61.000 and 70.000 €,1 - 3,Backend,I do automated test,Yes,Yes,,Yes,Yes,I know TDD,,,,,,Strongly Agree,Agree,Agree,Neutral,Agree,Strongly Agree,Agree,Agree,Agree,Agree,Agree,Strongly Agree,Agree,Agree,The tests I write,A new edge case is found or the uncovered use case have been detected in stg or prod environment,Aways,Strongly agree,45-60 minutes,Between 1 and 3 years
10/9/2024 8:48:36,X (twitter),Developer,Healthcare,Between 5 and 10,Yes,Spain,"Software Crafters Murcia, Software Crafters Madrid",United Kingdom,C#,Between 51.000 and 60.000 €,5 - 10,Backend,I do automated test,Yes,Yes,,Yes,Yes,I know TDD,,,,,,Agree,Disagree,Strongly Agree,Strongly disagree,Strongly disagree,Disagree,Neutral,Neutral,Agree,Neutral,Agree,Disagree,Disagree,Neutral,Pseudo code,Either new requirement or a faulty path that was not previously covered by any test,Often,Agree,Less than 15 minutes,Between 3 and 5 years
10/9/2024 9:03:58,X (twitter),Developer,SaaS,Between 1 and 5,No,Spain,,"Argentina, Spain","Python, Delphi, Typescript",Between 21.000 and 30.000 €,5 - 10,Backend,I do automated test,Yes,Yes,,Yes,No,I know TDD,,,,,,Agree,Strongly Agree,Agree,Agree,Agree,Agree,Disagree,Agree,Agree,Agree,Disagree,Disagree,Neutral,Neutral,"Diagrams, The tests I write",Start from the test,Aways,Agree,Less than 15 minutes,Between 1 and 3 years
10/9/2024 9:09:58,Shared directly to you,Developer,Sustainable Investments,Between 5 and 10,No,Spain,,Spain,"Python, Java, Javascript",Between 51.000 and 60.000 €,5 - 10,Backend,I do automated test,Yes,Yes,,Yes,No,I know TDD,,,,,,Strongly Agree,Strongly Agree,Agree,Neutral,Disagree,Agree,Disagree,Agree,Strongly disagree,Agree,Strongly disagree,Disagree,Disagree,Agree,"Diagrams, Pseudo code, The tests I write",The most simple step,Aways,Agree,Less than 15 minutes,Between 5 and 10 years
10/9/2024 9:11:02,X (twitter),Developer,Entertainment,Between 25 and 30,Yes,United Kingdom,Java,United Kingdom,Java,More than 100.000 €,5 - 10,Backend,I do automated test,Yes,Yes,,Yes,No,I know TDD,,,,,,Strongly Agree,Agree,Agree,Neutral,Agree,Agree,Disagree,Strongly Agree,Agree,Agree,Disagree,Disagree,Agree,Agree,"Diagrams, The tests I write",new classes or methods,Aways,Strongly agree,Less than 15 minutes,Between 5 and 10 years
10/9/2024 9:17:25,Shared directly to you,Developer,Data,Between 5 and 10,No,Venezuela,,Spain,"Python, SQL",Between 51.000 and 60.000 €,3 - 5,Backend,I do automated test,Yes,Yes,,Yes,Yes,I know TDD,,,,,,Strongly Agree,Agree,Agree,Agree,Agree,Neutral,Disagree,Agree,Neutral,Agree,Disagree,Agree,Neutral,Strongly Agree,"Pseudo code, The tests I write","When a new behaviour is added / spotted, or when an unseen bug shows up.",Aways,Agree,Less than 15 minutes,Between 3 and 5 years
10/9/2024 10:08:13,Shared directly to you,Tech Lead,IA,Between 15 and 20,Yes,Spain,Java Users Groups,"Germany, Spain, United States","Python, Java, Javascript",Between 61.000 and 70.000 €,5 - 10,Backend,I do automated test,Yes,Yes,,Yes,Yes,I know TDD,,,,,,Strongly Agree,Strongly Agree,Neutral,Agree,Neutral,Strongly Agree,Strongly disagree,Agree,Disagree,Neutral,Disagree,Strongly disagree,Neutral,Agree,The tests I write,if I need feedback from my design that is a clue of I need another test to explore that feedback,Aways,Neutral,Less than 15 minutes,Between 5 and 10 years
10/9/2024 10:28:12,Shared directly to you,Technical Coach,Consultancy/Coaching,Between 10 and 15,Yes,Serbia,Tech Excellence,"France, Serbia, United States","Java, C#",Between 11.000 and 20.000 €,1 - 3,Backend,I do automated test,Yes,Yes,,Yes,Yes,I know TDD,,,,,,Strongly Agree,Neutral,Strongly Agree,Strongly disagree,Disagree,Agree,Disagree,Agree,Agree,Disagree,Strongly Agree,Neutral,Disagree,Agree,"Diagrams, Pseudo code, The tests I write",Is there a new behavior,Often,Agree,Less than 15 minutes,Between 3 and 5 years
10/9/2024 10:39:14,X (twitter),Developer,Real State,Between 1 and 5,No,Spain,,"Italy, Portugal, Spain","Java, Javascript, SQL",Between 41.000 and 50.000 €,5 - 10,Backend,I do manual test,Yes,Yes,,Yes,Yes,Yes,No,"Books, Video courses, Through mentoring, Blog posts from practitioners",Yes,Between 11 and 20 €,Between 1 and 3 years,Agree,Strongly disagree,Neutral,Strongly disagree,Strongly disagree,Strongly disagree,Agree,Strongly disagree,Strongly disagree,Neutral,Agree,Disagree,Neutral,Strongly Agree,"Diagrams, Pseudo code",important use cases and rules,Sometimes,Strongly agree,Less than 15 minutes,Between 1 and 3 years
10/9/2024 10:48:39,Shared directly to you,Developer,Process Mining,Between 10 and 15,No,Canada,,"Canada, Germany",C#,More than 100.000 €,10 - 15,Backend,I do automated test,Yes,Yes,,Yes,No,I know TDD,,,,,,Strongly Agree,Agree,Agree,Agree,Disagree,Neutral,Neutral,Disagree,Disagree,Disagree,Neutral,Strongly disagree,Agree,Agree,Diagrams,Does the unit publicly expose behaviour,Often,Agree,Less than 15 minutes,Between 3 and 5 years
10/9/2024 10:49:15,Shared directly to you,Developer,-,Between 5 and 10,No,Spain,,"Spain, United States","Python, SQL",Between 31.000 and 40.000 €,3 - 5,Backend,I do automated test,Yes,Yes,,Yes,No,I know TDD,,,,,,Agree,Strongly Agree,Strongly Agree,Neutral,Neutral,Agree,Disagree,Disagree,Neutral,Disagree,Disagree,Disagree,Neutral,Neutral,"Diagrams, Pseudo code, The tests I write",when  a possible case is not covered or we find a bug that wasn't covered,Aways,Strongly agree,Less than 15 minutes,Between 3 and 5 years
10/9/2024 10:57:57,Developer Communities,Developer,software,Between 5 and 10,Yes,Hungary,stack overflow,Germany,"Python, Java, SQL, Typescript",Between 71.000 and 80.000 €,10 - 15,Fullstack,I do automated test,Yes,Yes,,Yes,Yes,Yes,No,"Video courses, Through mentoring, development",Yes,Between 0 and 5 €,Between 3 and 5 years,Agree,Agree,Disagree,Agree,Disagree,Disagree,Neutral,Strongly Agree,Disagree,Neutral,Disagree,Agree,Disagree,Disagree,Diagrams,for each new method or something,Aways,Disagree,Less than 15 minutes,Between 1 and 3 years
10/9/2024 11:40:58,Shared directly to you,Developer,Consultancy,Between 5 and 10,Yes,Spain,"GofiGeeks, Socracan, Software Crafters Barcelona",Spain,C#,Between 41.000 and 50.000 €,5 - 10,Backend,I do automated test,Yes,Yes,,Yes,Yes,I know TDD,,,,,,Strongly Agree,Agree,Neutral,Agree,Disagree,Agree,Disagree,Disagree,Strongly disagree,Neutral,Disagree,Strongly disagree,Strongly disagree,Neutral,"Pseudo code, The tests I write",I write new tests if the code that I am working on is not cover in that part,Aways,Strongly agree,Less than 15 minutes,Between 3 and 5 years
10/9/2024 11:47:11,X (twitter),DevSecOps,ERP,Between 15 and 20,No,Spain,,United States,"Python, Java, Scala",Between 81.000 and 90.000 €,15 - 20,Backend,I do automated test,Yes,Yes,,Yes,No,I know TDD,,,,,,Agree,Neutral,Neutral,Disagree,Disagree,Disagree,Strongly disagree,Strongly Agree,Agree,Agree,Strongly disagree,Neutral,Neutral,Agree,The tests I write,after change in programming logic,Sometimes,Agree,More than 1 hour,Between 5 and 10 years
10/9/2024 12:06:55,company slack,Engineering Manager,AI,Between 15 and 20,Yes,Spain,AgileNorte and Software crafters,Spain,Python,Between 81.000 and 90.000 €,5 - 10,Backend,I do automated test,Yes,Yes,,Yes,No,I know TDD,,,,,,Strongly disagree,Agree,Agree,Agree,Strongly Agree,Strongly Agree,Strongly disagree,Strongly Agree,Strongly Agree,Strongly Agree,Strongly disagree,Strongly disagree,Neutral,Strongly Agree,The tests I write,always before production code,Often,Strongly agree,Less than 15 minutes,Between 10 and 20 years
10/9/2024 13:05:09,LinkedIn,CTO,Consultancy,Between 10 and 15,Yes,Morocco,Software craft,Morocco,"Python, Java, SQL",Between 91.000 and 100.000 €,More than 30,Backend,I do automated test,Yes,Yes,,Yes,Yes,I know TDD,,,,,,Agree,Disagree,Agree,Disagree,Agree,Neutral,Neutral,Agree,Neutral,Disagree,Agree,Neutral,Agree,Agree,"Pseudo code, The tests I write",Baby steps,Aways,Strongly agree,30-45 minutes,Between 3 and 5 years
10/9/2024 13:06:54,Shared directly to you,Developer,Tech,Between 15 and 20,No,Spain,,"France, Germany, Italy, Spain, United Kingdom, United States","Javascript, Typescript",Between 51.000 and 60.000 €,5 - 10,Frontend,I do automated test,Yes,Yes,,Yes,No,I know TDD,,,,,,Strongly Agree,Strongly Agree,Strongly Agree,Agree,Neutral,Strongly Agree,Strongly disagree,Disagree,Strongly disagree,Strongly disagree,Strongly disagree,Disagree,Neutral,Neutral,The tests I write,"If it is a bug, always start with the test case to reproduce it. If it is a code change check that the change has tests that cover that code, if not, write the test case. For new features, use TDD",Aways,Agree,Less than 15 minutes,Between 3 and 5 years
10/9/2024 14:08:27,X (twitter),Developer,Social services,Between 5 and 10,Yes,Spain,UNOCHA Software crafters,"Switzerland, Turkey, United States","Javascript, Typescript",Between 61.000 and 70.000 €,5 - 10,Fullstack,I do automated test,Yes,Yes,,Yes,Yes,Yes,No,"Video courses, Through mentoring, development",Yes,More than 40 €,Between 5 and 10 years,Agree,Strongly disagree,Neutral,Disagree,Strongly disagree,Strongly disagree,Agree,Neutral,Strongly disagree,Strongly disagree,Strongly disagree,Neutral,Agree,Neutral,"Diagrams, Pseudo code",Every new function needs a test as so the integration,Aways,Strongly agree,30-45 minutes,Between 1 and 3 years
10/9/2024 16:33:42,X (twitter),Developer,Banking,Between 20 and 25,No,Spain,,"Netherlands, Spain","Java, Scala",Between 51.000 and 60.000 €,5 - 10,Backend,I do manual test,Yes,Yes,,Yes,Yes,I know TDD,,,,,,Agree,Disagree,Agree,Neutral,Disagree,Disagree,Neutral,Agree,Disagree,Strongly disagree,Disagree,Neutral,Neutral,Neutral,"Diagrams, Pseudo code","The use cases,  ideal path and errors in path",Sometimes,Neutral,Less than 15 minutes,Between 1 and 3 years
10/9/2024 17:44:24,X (twitter),Developer,Space,Between 1 and 5,Yes,Spain,Murcia Software Crafters,Spain,"Python, Java, Javascript, SQL, Typescript",Between 31.000 and 40.000 €,5 - 10,Frontend,I do automated test,Yes,Yes,,Yes,No,I know TDD,,,,,,Agree,Strongly disagree,Disagree,Disagree,Strongly disagree,Disagree,Agree,Disagree,Strongly disagree,Strongly disagree,Neutral,Agree,Agree,Neutral,Pseudo code,"I don't do TDD at work, I know about it because I've practiced it in Katas with Murcia Software Crafters group. In my job we do tests after we write the code, to increase code coverage",Sometimes,Agree,Less than 15 minutes,Between 1 and 3 years
10/9/2024 17:56:40,Shared directly to you,Engineering Manager,Finance,Between 25 and 30,Yes,Spain,several software crafters communities,Spain,Python,More than 100.000 €,10 - 15,Backend,I do automated test,Yes,Yes,,Yes,No,I know TDD,,,,,,Strongly Agree,Agree,Disagree,Agree,Agree,Agree,Neutral,Strongly Agree,Agree,Agree,Agree,Neutral,Strongly disagree,Agree,The tests I write,the need to cover new business rule,Aways,Strongly agree,Less than 15 minutes,Between 10 and 20 years
10/9/2024 19:00:24,X (twitter),Project Manager,human resources,Between 25 and 30,Yes,Argentina,tdd conference,United States,"Python, Java, PHP, SQL, Typescript",Between 61.000 and 70.000 €,15 - 20,Backend,I do automated test,Yes,Yes,,Yes,Yes,I know TDD,,,,,,Strongly Agree,Agree,Agree,Agree,Neutral,Agree,Disagree,Strongly Agree,Disagree,Agree,Disagree,Strongly disagree,Agree,Agree,The tests I write,zombies,Aways,Agree,Less than 15 minutes,Between 20 and 30 years
10/9/2024 19:39:52,X (twitter),Developer,E-commerce,Between 5 and 10,No,Argentina,,Spain,Kotlin,Between 51.000 and 60.000 €,10 - 15,Backend,I do automated test,Yes,Yes,,Yes,Yes,Yes,Yes,"Books, Video courses, Through mentoring, Communities of software, development, Blog posts from practitioners",Yes,Between 21 and 30 €,Between 5 and 10 years,Strongly Agree,Strongly disagree,Strongly disagree,Agree,Disagree,Strongly disagree,Strongly disagree,Strongly Agree,Disagree,Strongly disagree,Strongly disagree,Strongly disagree,Neutral,Strongly Agree,"Diagrams, Pseudo code",I have to Implements or modify behaviour,Aways,Strongly agree,Less than 15 minutes,Between 1 and 3 years
10/9/2024 21:44:51,X (twitter),Developer,consultancy,Between 10 and 15,No,Spain,,"France, Spain","Java, SQL",Between 41.000 and 50.000 €,3 - 5,Backend,I do automated test,Yes,Yes,,Yes,No,I know TDD,,,,,,Strongly Agree,Agree,Agree,Agree,Agree,Neutral,Neutral,Agree,Neutral,Disagree,Disagree,Neutral,Agree,Neutral,"Diagrams, The tests I write",,Aways,Strongly agree,Less than 15 minutes,Between 1 and 3 years
10/9/2024 22:39:24,X (twitter),Student,None,Between 1 and 5,Yes,Spain,Dotnet Málaga. Gamedev Crafters,Spain,C#,Between 0 and 10.000 €,1 - 3,Backend,I do automated test,Yes,Yes,,No,No,I know TDD,,,,,,Strongly Agree,Strongly disagree,Agree,Strongly Agree,Strongly Agree,Strongly Agree,Disagree,Neutral,Neutral,Neutral,Agree,Strongly disagree,Disagree,Strongly Agree,"Diagrams, The tests I write",Any new idea or test case,Aways,Strongly agree,Less than 15 minutes,Between 1 and 3 years
10/9/2024 22:41:57,LinkedIn,Developer,Hydraulics,Between 15 and 20,Yes,Spain,Software Crafters Barcelona,"New Zealand, Spain, United Kingdom, United States","Javascript, Typescript",Between 41.000 and 50.000 €,25 - 30,Fullstack,I do automated test,Yes,Yes,,Yes,Yes,I know TDD,,,,,,Strongly Agree,Disagree,Agree,Neutral,Strongly Agree,Strongly Agree,Strongly disagree,Disagree,Disagree,Neutral,Strongly disagree,Strongly disagree,Neutral,Agree,The tests I write,There is a feature or behaviour that the application lacks?,Aways,Strongly agree,Less than 15 minutes,Between 5 and 10 years
10/10/2024 6:41:01,LinkedIn,Student,Academy,Between 1 and 5,Yes,Argentina,Quantum Computing Community,Argentina,"Python, Javascript, Ruby, Lua, Typescript",Between 0 and 10.000 €,1 - 3,Fullstack,I do automated test,Yes,Yes,,Yes,Yes,I know TDD,,,,,,Agree,Neutral,Neutral,Agree,Agree,Agree,Agree,Strongly disagree,Strongly disagree,Strongly disagree,Neutral,Disagree,Strongly disagree,Agree,"Diagrams, Pseudo code, The tests I write",Example mapping,Aways,Agree,Less than 15 minutes,Between 1 and 3 years
10/10/2024 8:29:08,Developer Communities,Developer,Insurance,Between 10 and 15,Yes,Spain,Vlctechhub,"Germany, Italy, Portugal, Spain","Javascript, Ruby, Typescript",Between 41.000 and 50.000 €,5 - 10,Fullstack,I do automated test,Yes,Yes,,Yes,Yes,I know TDD,,,,,,Strongly Agree,Strongly Agree,Neutral,Strongly Agree,Agree,Neutral,Disagree,Agree,Disagree,Agree,Strongly disagree,Disagree,Disagree,Agree,"Diagrams, Pseudo code, The tests I write",Is it trivial logic or not,Aways,Strongly agree,Less than 15 minutes,Between 10 and 20 years
10/10/2024 10:04:21,Shared directly to you,Tech Lead,Consultancy,Between 5 and 10,Yes,Spain,"Codely, full stack valles",Spain,"Python, Javascript, Typescript",Between 41.000 and 50.000 €,20 - 25,Fullstack,I do automated test,Yes,Yes,,Yes,Yes,I know TDD,,,,,,Strongly Agree,Strongly Agree,Neutral,Neutral,Neutral,Disagree,Disagree,Disagree,Disagree,Strongly disagree,Disagree,Agree,Agree,Agree,Diagrams,"new use case, corner case or requirement",Aways,Strongly agree,Less than 15 minutes,Between 1 and 3 years
10/10/2024 10:12:06,Shared directly to you,Tech Lead,Consultancy,Between 5 and 10,Yes,Spain,BCN Software Crafters,Spain,"Javascript, Typescript",Between 41.000 and 50.000 €,10 - 15,Backend,I do automated test,Yes,Yes,,Yes,Yes,I know TDD,,,,,,Strongly Agree,Disagree,Agree,Neutral,Disagree,Neutral,Neutral,Strongly disagree,Disagree,Neutral,Disagree,Neutral,Strongly disagree,Agree,"Diagrams, Pseudo code, The tests I write","I write a new test case when a new execution branch appears in the code, or when a bug appears and it was not detected by any test",Aways,Strongly agree,Less than 15 minutes,Between 1 and 3 years
10/10/2024 10:14:51,slack,Developer,consultora,Between 1 and 5,Yes,Spain,ValenciaJS- HackNight- ValenciaCodes(por meetup)- miembro = GDG ValenciaVLCTechHub- Women Tecmakers,Spain,"Java, Javascript, Typescript",Between 21.000 and 30.000 €,5 - 10,Backend,I don't do any test,No,Yes,,Yes,No,Yes,No,"Video courses, Through mentoring",Yes,Between 11 and 20 €,Between 1 and 3 years,Agree,Agree,Disagree,Agree,Agree,Disagree,Neutral,Neutral,Neutral,Neutral,Neutral,Neutral,Neutral,Neutral,Diagrams,no tengo una regla especifica,Rarely,Neutral,More than 1 hour,Between 1 and 3 years
10/10/2024 10:15:29,Shared directly to you,Developer,Consultancy,Between 20 and 25,No,Spain,,Spain,"Javascript, Typescript",Between 41.000 and 50.000 €,5 - 10,Fullstack,I do automated test,Yes,Yes,,Yes,Yes,I know TDD,,,,,,Agree,Strongly Agree,Agree,Agree,Agree,Disagree,Strongly Agree,Disagree,Agree,Neutral,Neutral,Agree,Neutral,Agree,"Diagrams, Pseudo code",The feature is critical,Often,Strongly agree,Less than 15 minutes,Between 1 and 3 years
10/10/2024 10:22:35,Shared directly to you,CTO,Consultancy,Between 10 and 15,No,Spain,,"Spain, Switzerland","C#, Javascript, PHP, SQL, Typescript",Between 61.000 and 70.000 €,More than 30,Fullstack,I do automated test,Yes,Yes,,Yes,No,I know TDD,,,,,,Strongly Agree,Agree,Neutral,Strongly Agree,Agree,Neutral,Disagree,Neutral,Neutral,Disagree,Disagree,Disagree,Agree,Agree,"Diagrams, The tests I write","There is no unique rule to decide if a test case is needed. At least: If it has domain logic, should have some testing. If we are solving a bug related to domain logic, a test should be added to avoid to happen in the future.",Often,Neutral,Less than 15 minutes,Between 5 and 10 years
10/10/2024 10:39:37,Developer Communities,Engineering Manager,Services,Between 10 and 15,Yes,Spain,"Software Crafters, And Agile Norte",Spain,"Java, Javascript, Kotlin, Typescript",Between 41.000 and 50.000 €,5 - 10,Mobile apps,I do manual test,Yes,Yes,,Yes,Yes,Yes,Yes,"Books, Communities of software, development",Yes,Between 6 and 10 €,Between 3 and 5 years,Neutral,Disagree,Strongly Agree,Disagree,Strongly disagree,Strongly disagree,Agree,Agree,Strongly disagree,Strongly disagree,Agree,Strongly disagree,Neutral,Disagree,Diagrams,The Use case,Sometimes,Agree,Less than 15 minutes,Between 1 and 3 years
10/10/2024 13:25:18,LinkedIn,Developer,Banking consultancy,Between 1 and 5,No,Spain,,Spain,"Java, Javascript",Between 21.000 and 30.000 €,1 - 3,Backend,I do manual test,Yes,Yes,,No,No,Yes,No,"Books, Video courses, development",Yes,Between 0 and 5 €,Between 1 and 3 years,Agree,Strongly disagree,Strongly Agree,Strongly disagree,Strongly disagree,Strongly disagree,Strongly disagree,Strongly disagree,Strongly disagree,Strongly disagree,Neutral,Strongly disagree,Neutral,Strongly disagree,"Diagrams, The tests I write",I write a test for each non-decomposable requirement,Aways,Agree,Less than 15 minutes,Between 1 and 3 years
10/10/2024 14:15:07,LinkedIn,Data Scientist,Energy,Between 1 and 5,No,Spain,,Spain,"Python, SQL",Between 61.000 and 70.000 €,5 - 10,Fullstack,I do automated test,Yes,Yes,,Yes,No,Yes,Yes,"Video courses, development, Documentation",No,No,Between 3 and 5 years,Strongly disagree,Strongly Agree,Agree,Neutral,Agree,Agree,Strongly disagree,Neutral,Neutral,Disagree,Neutral,Agree,Neutral,Neutral,The tests I write,I start with a test every time I write production code,Often,Strongly agree,Less than 15 minutes,Between 3 and 5 years
10/10/2024 15:31:02,Shared directly to you,Developer,Business networking,Between 5 and 10,No,Spain,,Spain,"Python, Javascript, PHP, SQL",Between 41.000 and 50.000 €,3 - 5,Backend,I do automated test,Yes,Yes,,Yes,Yes,Yes,No,Video courses,No,Between 11 and 20 €,Between 1 and 3 years,Strongly Agree,Strongly disagree,Strongly disagree,Strongly disagree,Strongly disagree,Strongly disagree,Neutral,Strongly disagree,Strongly disagree,Strongly disagree,Strongly disagree,Agree,Neutral,Neutral,Diagrams,For each new class,Aways,Agree,15-30 minutes,Between 1 and 3 years
10/10/2024 20:43:56,Shared directly to you,Tech Lead,Pharma,Between 10 and 15,Yes,Spain,"CraftersVigo, BcnEng","Germany, Spain","Python, Javascript, PHP, Typescript",Between 71.000 and 80.000 €,25 - 30,Fullstack,I do automated test,Yes,Yes,,Yes,No,I know TDD,,,,,,Strongly Agree,Disagree,Strongly Agree,Neutral,Neutral,Strongly Agree,Strongly disagree,Strongly Agree,Agree,Disagree,Strongly disagree,Strongly disagree,Strongly disagree,Strongly Agree,"Diagrams, Pseudo code, The tests I write",What is the next behavior I need?,Aways,Strongly agree,Less than 15 minutes,Between 5 and 10 years
10/10/2024 22:06:02,Shared directly to you,Developer,Web development with Ruby on Rails,Between 1 and 5,Yes,Brazil,ProgrammingHumour,United States,"Javascript, Ruby",Between 0 and 10.000 €,3 - 5,Fullstack,I do manual test,No,Yes,,Yes,No,I know TDD,,,,,,Agree,Strongly Agree,Disagree,Agree,Agree,Agree,Neutral,Strongly Agree,Disagree,Agree,Disagree,Agree,Neutral,Neutral,Pseudo code,Would my dumb ass try to do that?,Sometimes,Strongly agree,Less than 15 minutes,Between 1 and 3 years
10/10/2024 22:14:31,LinkedIn,Developer,Healthcare,Between 20 and 25,No,Spain,,"Spain, United States","Java, Typescript",Between 51.000 and 60.000 €,10 - 15,Backend,I do automated test,Yes,Yes,,Yes,No,I know TDD,,,,,,Strongly Agree,Agree,Strongly Agree,Neutral,Strongly disagree,Agree,Neutral,Disagree,Strongly disagree,Agree,Strongly Agree,Agree,Neutral,Agree,The tests I write,Moreover all the code changes must have a test,Aways,Strongly agree,15-30 minutes,Between 1 and 3 years
10/11/2024 4:12:19,Shared directly to you,Team Lead,Ngo,Between 15 and 20,Yes,Brazil,Rails,United States,"C++, Ruby",More than 100.000 €,3 - 5,Fullstack,I do automated test,Yes,Yes,,Yes,Yes,I know TDD,,,,,,Strongly disagree,Agree,Strongly Agree,Neutral,Neutral,Strongly Agree,Strongly disagree,Strongly Agree,Strongly Agree,Strongly Agree,Strongly disagree,Strongly Agree,Neutral,Strongly disagree,The tests I write,When I see new logic,Aways,Strongly agree,30-45 minutes,Between 10 and 20 years
10/11/2024 8:08:24,LinkedIn,Developer,Consultancy,Between 5 and 10,Yes,Spain,,Spain,"Python, Javascript",Between 31.000 and 40.000 €,5 - 10,Fullstack,I do manual test,Yes,Yes,,No,No,Yes,Yes,"Books, Video courses, development, Blog posts from practitioners",No,No,Between 3 and 5 years,Agree,Strongly disagree,Agree,Neutral,Strongly disagree,Disagree,Neutral,Neutral,Strongly disagree,Strongly disagree,Neutral,Agree,Neutral,Neutral,Pseudo code,,Rarely,Neutral,Less than 15 minutes,Between 1 and 3 years
10/11/2024 9:59:08,CodelyTV,Developer,Green Energy Industry,Between 15 and 20,No,Spain,,Spain,"Java, SQL, Kotlin",Between 41.000 and 50.000 €,5 - 10,Backend,I do automated test,Yes,Yes,,Yes,No,I know TDD,,,,,,Strongly Agree,Neutral,Agree,Agree,Strongly Agree,Strongly Agree,Disagree,Agree,Disagree,Disagree,Strongly disagree,Disagree,Agree,Neutral,"Diagrams, The tests I write",Test cases must meet acceptance criterias defined in the refinement phase of the user story,Often,Strongly agree,Less than 15 minutes,Between 3 and 5 years
10/11/2024 10:50:22,LinkedIn,Developer,Education,Between 1 and 5,No,Spain,,Spain,"Java, Javascript",Between 21.000 and 30.000 €,15 - 20,Backend,I do automated test,Yes,Yes,,Yes,No,I know TDD,,,,,,Strongly Agree,Disagree,Strongly Agree,Strongly disagree,Strongly disagree,Strongly disagree,Agree,Strongly Agree,Strongly disagree,Strongly disagree,Strongly disagree,Strongly disagree,Neutral,Neutral,DDD,,Aways,Strongly agree,Less than 15 minutes,Between 1 and 3 years
10/11/2024 12:09:23,LinkedIn,Developer,legal,Between 1 and 5,No,Spain,,United States,Java,Between 41.000 and 50.000 €,5 - 10,Backend,I do automated test,Yes,Yes,,Yes,No,I know TDD,,,,,,Strongly Agree,Disagree,Strongly Agree,Agree,Disagree,Strongly Agree,Strongly disagree,Strongly Agree,Disagree,Disagree,Strongly disagree,Strongly disagree,Neutral,Strongly Agree,"Diagrams, The tests I write","think first in the use case, then go to the unhappy path (failed preconditions, error handling if required, etc...), corner cases, etc... and then go to the happy path.",Aways,Strongly agree,Less than 15 minutes,Between 3 and 5 years
10/11/2024 12:56:55,Developer Communities,CTO,consultancy,Between 15 and 20,Yes,Spain,Software Crafters Murcia,"France, Germany, Spain","Python, Java, Javascript, PHP, SQL, Typescript",More than 100.000 €,3 - 5,Backend,I do automated test,Yes,Yes,,Yes,Yes,I know TDD,,,,,,Strongly Agree,Agree,Disagree,Agree,Strongly Agree,Strongly Agree,Strongly disagree,Neutral,Strongly disagree,Strongly Agree,Disagree,Strongly disagree,Disagree,Disagree,Refactoring,When I'm not finished,Aways,Strongly agree,Less than 15 minutes,Between 10 and 20 years
10/11/2024 20:59:08,Developer Communities,Developer,Healthcare,Between 15 and 20,Yes,Chile,Software Crafters (Chile),United States,"Java, Typescript",Between 41.000 and 50.000 €,10 - 15,Backend,I do automated test,Yes,Yes,,Yes,No,Yes,No,"Video courses, Through mentoring, Communities of software, development",Yes,Between 0 and 5 €,Between 5 and 10 years,Strongly Agree,Agree,Agree,Agree,Disagree,Neutral,Disagree,Neutral,Disagree,Agree,Disagree,Neutral,Strongly Agree,Agree,Pseudo code,"code first, test later",Often,Strongly agree,15-30 minutes,Between 3 and 5 years
10/12/2024 14:11:06,LinkedIn,Developer,Education,Between 10 and 15,No,Spain,,Spain,"Python, Javascript, PHP, SQL, Typescript",Between 51.000 and 60.000 €,5 - 10,Backend,I do automated test,Yes,Yes,,Yes,Yes,I know TDD,,,,,,Strongly Agree,Strongly disagree,Strongly Agree,Neutral,Disagree,Agree,Disagree,Neutral,Strongly disagree,Disagree,Neutral,Disagree,Neutral,Neutral,"Diagrams, The tests I write, PoC, Prototyping",-,Aways,Strongly agree,Less than 15 minutes,Between 5 and 10 years
10/13/2024 12:50:17,X (twitter),Developer,e-commerce,Between 15 and 20,Yes,Argentina,Craftmanship and free software communities,"Argentina, United States","Javascript, PHP, Typescript",Between 41.000 and 50.000 €,3 - 5,Fullstack,I do automated test,Yes,Yes,,No,No,I know TDD,,,,,,Strongly Agree,Strongly disagree,Strongly Agree,Strongly disagree,Strongly disagree,Strongly Agree,Strongly disagree,Strongly disagree,Strongly disagree,Strongly disagree,Strongly Agree,Disagree,Agree,Disagree,The tests I write,First cover the happy path and then the edge scenarios,Aways,Strongly agree,Less than 15 minutes,Between 3 and 5 years
10/13/2024 13:37:55,Developer Communities,Tech Lead,rest-tech,Between 25 and 30,Yes,Spain,"software crafters, elixir, clojure, barcelona engineering",Switzerland,"Python, PHP, Typescript, Other",Between 71.000 and 80.000 €,5 - 10,Fullstack,I do automated test,Yes,Yes,,Yes,No,I know TDD,,,,,,Strongly Agree,Neutral,Strongly Agree,Agree,Agree,Strongly Agree,Strongly disagree,Strongly Agree,Strongly Agree,Strongly Agree,Neutral,Disagree,Neutral,Neutral,"Diagrams, The tests I write",Is this new logic? is it uncovered? then add a test case,Aways,Strongly agree,Less than 15 minutes,Between 20 and 30 years
10/13/2024 17:53:07,Shared directly to you,Developer,Sustainable investment,Between 1 and 5,No,Spain,,Spain,"Python, Java, Javascript",Between 21.000 and 30.000 €,3 - 5,Fullstack,I do automated test,Yes,Yes,,Yes,No,I know TDD,,,,,,Strongly Agree,Strongly Agree,Agree,Strongly Agree,Strongly Agree,Agree,Neutral,Neutral,Agree,Neutral,Neutral,Disagree,Neutral,Neutral,"Diagrams, The tests I write","First I choose the simplest funcionality I want to add, then I add more tests for edge cases",Aways,Strongly agree,Less than 15 minutes,Between 1 and 3 years
10/14/2024 13:19:41,Developer Communities,Lead Staff Engineer,Retail,Between 10 and 15,Yes,Spain,"Software Crafters, VLCTechHub",Spain,"Python, Javascript, Typescript",Between 81.000 and 90.000 €,5 - 10,Backend,I do automated test,Yes,Yes,,Yes,No,I know TDD,,,,,,Strongly Agree,Neutral,Neutral,Neutral,Strongly Agree,Strongly Agree,Strongly disagree,Strongly Agree,Disagree,Agree,Strongly disagree,Strongly disagree,Disagree,Agree,The tests I write,What is the smaller step I can take?,Aways,Strongly agree,Less than 15 minutes,Between 5 and 10 years
10/14/2024 16:52:33,Developer Communities,Software Architect,Media & Broadcast,Between 15 and 20,Yes,Spain,Software Crafters,Spain,"C#, SQL, Typescript",Between 41.000 and 50.000 €,10 - 15,Backend,I do automated test,Yes,Yes,,Yes,Yes,I know TDD,,,,,,Strongly Agree,Agree,Neutral,Disagree,Strongly disagree,Neutral,Agree,Strongly Agree,Strongly disagree,Neutral,Neutral,Agree,Neutral,Neutral,Pseudo code,The responsability of the class,Sometimes,Agree,30-45 minutes,Between 1 and 3 years
10/16/2024 11:14:40,Developer Communities,Developer,Building,Between 5 and 10,No,France,,France,C#,Between 41.000 and 50.000 €,3 - 5,Backend,I do automated test,Yes,Yes,,No,Yes,I know TDD,,,,,,Agree,Disagree,Agree,Strongly disagree,Strongly disagree,Disagree,Neutral,Strongly disagree,Strongly disagree,Strongly disagree,Strongly disagree,Disagree,Neutral,Agree,Diagrams,Any,Often,Agree,Less than 15 minutes,Between 1 and 3 years
10/16/2024 11:16:27,Developer Communities,Developer,transport,Between 10 and 15,Yes,France,"Europeen craftmanship, Strasbourg craft, Advent/summer of craft","Canada, Chile, France, Germany, Jersey","Java, Javascript",Between 41.000 and 50.000 €,5 - 10,Backend,I do automated test,Yes,Yes,,Yes,Yes,I know TDD,,,,,,Strongly Agree,Agree,Strongly Agree,Agree,Agree,Strongly Agree,Agree,Agree,Disagree,Strongly disagree,Neutral,Agree,Disagree,Disagree,"Diagrams, Pseudo code, The tests I write",No production code without tests,Aways,Strongly agree,Less than 15 minutes,Between 3 and 5 years
10/16/2024 12:40:38,LinkedIn,Technical coach,Insurance,Between 15 and 20,Yes,France,Advent of Craft,France,"Java, C#, Scala",Between 0 and 10.000 €,More than 30,Fullstack,I do automated test,Yes,Yes,,Yes,Yes,I know TDD,,,,,,Strongly Agree,Agree,Strongly Agree,Disagree,Disagree,Neutral,Disagree,Agree,Disagree,Disagree,Agree,Disagree,Neutral,Strongly Agree,"The tests I write, Mindmap, mikado","Is my business requirement different or needs to evolve. If so, I think of a new test case.",Often,Strongly agree,Less than 15 minutes,Between 5 and 10 years
10/18/2024 11:13:44,Shared directly to you,Tech Lead,Consultancy,Between 5 and 10,No,Spain,,"Spain, Switzerland","PHP, SQL, Typescript",Between 41.000 and 50.000 €,5 - 10,Fullstack,I do automated test,Yes,Yes,,Yes,No,I know TDD,,,,,,Agree,Neutral,Agree,Strongly Agree,Agree,Agree,Disagree,Neutral,Neutral,Disagree,Strongly disagree,Agree,Agree,Agree,"Diagrams, The tests I write",How critical is an error in the code I am writing?,Often,Strongly agree,Less than 15 minutes,Between 1 and 3 years
10/18/2024 11:26:27,Shared directly to you,Developer,Consultancy,Between 5 and 10,Yes,Spain,Apache - Apache Royale,"Italy, Spain",C#,Between 41.000 and 50.000 €,3 - 5,Fullstack,I do automated test,Yes,Yes,,Yes,Yes,Yes,No,Blog posts from practitioners,No,More than 40 €,Between 5 and 10 years,Disagree,Agree,Agree,Agree,Agree,Agree,Strongly disagree,Agree,Neutral,Disagree,Disagree,Agree,Strongly Agree,Agree,Diagrams,New Functionality or Feature,Often,Agree,Less than 15 minutes,Between 5 and 10 years
10/18/2024 12:03:39,Shared directly to you,Business developer,Information Technology,Between 1 and 5,Yes,Argentina,"PHP, Java, Python and a few blockchain communities",Spain,SQL,Between 21.000 and 30.000 €,3 - 5,Backend,I don't do any test,No,Yes,,Yes,No,Yes,No,Video courses,Yes,Between 0 and 5 €,Between 1 and 3 years,Neutral,Strongly disagree,Disagree,Neutral,Neutral,Disagree,Disagree,Neutral,Neutral,Neutral,Neutral,Neutral,Neutral,Neutral,The tests I write,NN,Never,Agree,Less than 15 minutes,Between 1 and 3 years
10/18/2024 12:24:19,Company slack,Developer,Edi,Between 15 and 20,Yes,Spain,Agile and dotnet mainly,Spain,C#,Between 51.000 and 60.000 €,5 - 10,Fullstack,I do automated test,Yes,Yes,,Yes,No,Yes,Yes,"Books, Video courses, Communities of software, development, Blog posts from practitioners",Yes,No,Between 5 and 10 years,Strongly Agree,Disagree,Agree,Disagree,Neutral,Neutral,Disagree,Agree,Disagree,Disagree,Strongly disagree,Strongly disagree,Disagree,Neutral,The tests I write,Before a new business requirement,Aways,Strongly agree,Less than 15 minutes,Between 3 and 5 years
10/18/2024 12:40:54,Shared directly to you,Technical Coach,My clients are very diverse.,Between 15 and 20,Yes,Spain,Software Crafters,"Spain, United Kingdom","Java, C#, Javascript, PHP, Typescript",Between 51.000 and 60.000 €,5 - 10,Backend,I do automated test,Yes,Yes,,Yes,No,I know TDD,,,,,,Strongly Agree,Disagree,Strongly Agree,Agree,Strongly Agree,Strongly Agree,Strongly disagree,Neutral,Strongly Agree,Disagree,Strongly disagree,Neutral,Disagree,Neutral,The tests I write,A required change in behavior.,Aways,Strongly agree,Less than 15 minutes,Between 5 and 10 years
10/18/2024 17:12:51,LinkedIn,Tech Lead,Educatikn,Between 5 and 10,No,Spain,,Spain,"Python, Java, Javascript, PHP, Typescript",Between 51.000 and 60.000 €,3 - 5,Fullstack,I do manual test,Yes,Yes,,Yes,No,I know TDD,,,,,,Strongly Agree,Disagree,Strongly Agree,Disagree,Strongly disagree,Neutral,Neutral,Strongly disagree,Agree,Agree,Neutral,Disagree,Agree,Agree,"Diagrams, Pseudo code, The tests I write",There are no test sow i have to write it,Aways,Strongly agree,30-45 minutes,Between 1 and 3 years
10/23/2024 11:49:49,LinkedIn,Team Lead,fintech,Between 20 and 25,Yes,Argentina,"agile, devops, crafters","Argentina, Mexico",Javascript,Between 21.000 and 30.000 €,3 - 5,Fullstack,I do automated test,Yes,Yes,,Yes,Yes,I know TDD,,,,,,Strongly disagree,Neutral,Neutral,Disagree,Disagree,Strongly Agree,Strongly disagree,Strongly disagree,Neutral,Neutral,Strongly disagree,Strongly disagree,Strongly disagree,Disagree,"Diagrams, The tests I write",I use 2 techniques: Example Mapping and ZOMBIE,Aways,Neutral,Less than 15 minutes,Between 10 and 20 years
10/23/2024 19:53:55,Shared directly to you,Tech Lead,Consultancy,Between 15 and 20,No,Chile,,"Romania, Spain","Java, C#, PHP, GO",Between 61.000 and 70.000 €,5 - 10,Backend,I do automated test,Yes,Yes,,Yes,Yes,I know TDD,,,,,,Strongly Agree,Strongly Agree,Neutral,Agree,Agree,Strongly Agree,Disagree,Disagree,Neutral,Neutral,Disagree,Strongly disagree,Neutral,Strongly Agree,"Diagrams, Pseudo code, The tests I write",Either a bug or a use case,Aways,Strongly agree,Less than 15 minutes,Between 5 and 10 years
10/24/2024 8:23:01,Shared directly to you,Developer,Consultancy,Between 5 and 10,No,Spain,,"Dominican Republic, Spain","Java, C#, Javascript, SQL, Kotlin, Typescript",Between 31.000 and 40.000 €,3 - 5,Fullstack,I do automated test,Yes,Yes,,Yes,Yes,I know TDD,,,,,,Strongly Agree,Agree,Agree,Agree,Disagree,Agree,Strongly disagree,Agree,Strongly Agree,Disagree,Strongly disagree,Disagree,Disagree,Strongly Agree,"Diagrams, The tests I write",Is it already tested? Is it a new behaviour?,Aways,Strongly agree,Less than 15 minutes,Between 3 and 5 years
11/5/2024 19:25:07,Developer Communities,Developer,gov,Between 1 and 5,Yes,France,Alpes Craft,France,"Java, Javascript, PHP, SQL, Typescript",Between 31.000 and 40.000 €,5 - 10,Fullstack,I do automated test,Yes,Yes,,No,Yes,Yes,No,"Books, Through mentoring, Communities of software, development, Blog posts from practitioners",Yes,No,Between 1 and 3 years,Neutral,Strongly disagree,Neutral,Disagree,Strongly disagree,Strongly disagree,Agree,Strongly disagree,Strongly disagree,Strongly disagree,Agree,Strongly Agree,Neutral,Strongly Agree,Diagrams,,Often,Strongly agree,Less than 15 minutes,Between 1 and 3 years
11/6/2024 13:47:10,Facebook,Engineering Manager,Education,Between 15 and 20,Yes,Colombia,Agile,Colombia,"Python, Java",Between 0 and 10.000 €,1 - 3,Fullstack,I don't do any test,No,No,There was no opportunity,No,No,No,,,,,,,,,,,,,,,,,,,,,,,,,
11/7/2024 17:31:58,LinkedIn,Engineering Manager,telco,Between 1 and 5,No,Argentina,,Mexico,"Python, Java, SQL",Between 61.000 and 70.000 €,5 - 10,Backend,I do automated test,Yes,Yes,,Yes,No,I know TDD,,,,,,Agree,Agree,Agree,Neutral,Neutral,Strongly Agree,Disagree,Neutral,Strongly disagree,Disagree,Strongly disagree,Disagree,Disagree,Strongly Agree,"Diagrams, The tests I write",ZOMBIES,Aways,Strongly agree,Less than 15 minutes,Between 1 and 3 years
11/8/2024 16:13:39,Feedly,Developer,Banking,Between 10 and 15,No,Ecuador,,Ecuador,"Java, C#",Between 21.000 and 30.000 €,10 - 15,Backend,I do manual test,Yes,Yes,,Yes,Yes,I know TDD,,,,,,Agree,Strongly disagree,Strongly Agree,Agree,Disagree,Neutral,Disagree,Disagree,Strongly Agree,Disagree,Disagree,Strongly Agree,Neutral,Agree,Diagrams,Coverage,Often,Strongly agree,Less than 15 minutes,Between 3 and 5 years
11/11/2024 11:08:58,RSS blog,Developer,Agropecuary,Between 15 and 20,No,Argentina,,Argentina,"C#, Javascript",Between 31.000 and 40.000 €,10 - 15,Fullstack,I do automated test,Yes,Yes,,No,No,I know TDD,,,,,,Agree,Agree,Agree,Strongly disagree,Strongly disagree,Neutral,Neutral,Strongly disagree,Strongly disagree,Strongly disagree,Neutral,Disagree,Neutral,Agree,Outside-in code with dummy lower layers,"New behavior, new test case",Often,Agree,Less than 15 minutes,Between 3 and 5 years
11/18/2024 21:25:34,Bluesky,Tech Lead,Government,Between 15 and 20,Yes,United Kingdom,"Kotlin, domain driven design",United Kingdom,"Java, C#, SQL, Kotlin",More than 100.000 €,20 - 25,Backend,I do automated test,Yes,Yes,,Yes,No,I know TDD,,,,,,Strongly Agree,Strongly Agree,Strongly Agree,Disagree,Disagree,Strongly Agree,Strongly disagree,Neutral,Neutral,Neutral,Disagree,Disagree,Strongly disagree,Strongly disagree,"Diagrams, The tests I write, Event modeling",There’s behaviour missing,Aways,Strongly agree,Less than 15 minutes,Between 10 and 20 years
11/19/2024 10:06:27,X (twitter),Developer,Retail,Between 20 and 25,No,Argentina,,"Argentina, United States","Javascript, Typescript",Between 41.000 and 50.000 €,5 - 10,Fullstack,I do automated test,Yes,Yes,,No,No,I know TDD,,,,,,Strongly Agree,Strongly disagree,Strongly Agree,Strongly disagree,Strongly disagree,Strongly Agree,Strongly disagree,Strongly disagree,Strongly disagree,Strongly disagree,Strongly Agree,Disagree,Agree,Agree,The tests I write,"Usually, I identify a use case for the funcionality I'm writing and test it",Aways,Strongly agree,Less than 15 minutes,Between 10 and 20 years
11/19/2024 15:19:05,Bluesky,Tech Lead,Online sports gambling,Between 25 and 30,Yes,Spain,Agile Spain,Spain,C#,Between 41.000 and 50.000 €,More than 30,Backend,I do automated test,Yes,Yes,,Yes,Yes,I know TDD,,,,,,Strongly Agree,Agree,Disagree,Strongly Agree,Disagree,Agree,Strongly disagree,Strongly disagree,Disagree,Strongly disagree,Strongly disagree,Strongly disagree,Neutral,Agree,The tests I write,Business needs,Often,Strongly agree,Less than 15 minutes,Between 5 and 10 years
11/20/2024 12:24:05,X (twitter),Developer,Banking,Between 10 and 15,Yes,France,"Nantes Software Crafters, VirtualDDD, Global Day of Code Retreat, Mob Programming Francophone",France,"Java, Typescript",Between 51.000 and 60.000 €,3 - 5,Fullstack,I do automated test,Yes,Yes,,Yes,Yes,I know TDD,,,,,,Strongly Agree,Agree,Agree,Disagree,Strongly disagree,Agree,Disagree,Strongly disagree,Strongly disagree,Strongly disagree,Neutral,Disagree,Disagree,Agree,"Diagrams, Pseudo code, The tests I write, Sticky notes",I see a scenario that my implementation does not cover or a new behavior has to be added to existing code.,Aways,Disagree,15-30 minutes,Between 5 and 10 years
11/21/2024 20:15:59,Bluesky,Tech Lead,Security,Between 10 and 15,No,United States,,United States,"Python, Java, GO",More than 100.000 €,5 - 10,Backend,I do automated test,Yes,Yes,,Yes,Yes,I know TDD,,,,,,Strongly disagree,Agree,Agree,Agree,Disagree,Neutral,Neutral,Disagree,Strongly disagree,Strongly disagree,Disagree,Strongly disagree,Strongly disagree,Agree,"Diagrams, Pseudo code, The tests I write",The test needs to prevent regressions,Aways,Agree,Less than 15 minutes,Between 3 and 5 years
11/22/2024 12:13:25,X (twitter),Tech Lead,Communication,Between 20 and 25,No,Spain,,"Estonia, United States",Java,Between 91.000 and 100.000 €,5 - 10,Backend,I do automated test,Yes,Yes,,Yes,Yes,I know TDD,,,,,,Strongly Agree,Agree,Agree,Agree,Neutral,Agree,Disagree,Strongly Agree,Disagree,Agree,Strongly disagree,Disagree,Agree,Agree,"Diagrams, Pseudo code, The tests I write",Add/modify behaviour,Aways,Strongly agree,Less than 15 minutes,Between 5 and 10 years